Type,Episode,Total_Episodes,Env_ID,Env_Reward,Total_Reward,Alignment_Bonus,Compliance,Fixes,Steps
episode,1,,0,-403.60,-380.90,22.70,0.7568,37.0,100
episode,1,,1,-259.40,-231.22,28.18,0.9394,33.0,100
episode,1,,2,-298.70,-276.88,21.82,0.7273,22.0,100
episode,1,,3,-189.50,-161.32,28.18,0.9394,33.0,100
episode,1,,4,-319.20,-290.17,29.03,0.9677,31.0,100
episode,1,,5,-301.00,-279.46,21.54,0.7179,39.0,100
episode,1,,6,-704.50,-679.64,24.86,0.8286,35.0,100
episode,1,,7,-210.10,-188.92,21.18,0.7059,34.0,100
episode,1,,8,-447.90,-430.17,17.73,0.5909,44.0,100
episode,1,,9,-337.20,-311.49,25.71,0.8571,42.0,100
episode,1,,10,-233.20,-211.20,22.00,0.7333,30.0,100
episode,1,,11,-274.50,-250.13,24.38,0.8125,32.0,100
episode,1,,12,-396.60,-377.19,19.41,0.6471,34.0,100
episode,1,,13,-284.60,-259.34,25.26,0.8421,38.0,100
episode,1,,14,-817.30,-807.99,9.31,0.3103,29.0,100
episode,1,,15,-277.00,-247.83,29.17,0.9722,36.0,100
episode,1,,16,-264.70,-248.25,16.45,0.5484,31.0,100
episode,1,,17,-927.70,-924.49,3.21,0.1071,28.0,100
episode,1,,18,-243.30,-219.86,23.44,0.7812,32.0,100
episode,1,,19,-197.70,-173.06,24.64,0.8214,28.0,100
episode,1,,20,-258.80,-236.85,21.95,0.7317,41.0,100
episode,1,,21,-230.60,-204.89,25.71,0.8571,35.0,100
episode,1,,22,-191.20,-166.49,24.71,0.8235,34.0,100
episode,1,,23,-431.00,-404.00,27.00,0.9000,40.0,100
episode,1,,24,-196.20,-170.37,25.83,0.8611,36.0,100
summary,,25,,-347.82,-325.28,22.54,0.7512,34.16,
episode,2,,0,-231.30,-202.73,28.57,0.9524,42.0,100
episode,2,,1,-253.70,-244.27,9.43,0.3143,35.0,100
episode,2,,2,-247.40,-224.70,22.70,0.7568,37.0,100
episode,2,,3,-135.00,-115.00,20.00,0.6667,12.0,100
episode,2,,4,-353.30,-324.05,29.25,0.9750,40.0,100
episode,2,,5,-349.70,-328.93,20.77,0.6923,26.0,100
episode,2,,6,-231.10,-205.81,25.29,0.8431,51.0,100
episode,2,,7,-250.10,-221.77,28.33,0.9444,36.0,100
episode,2,,8,-339.80,-317.12,22.68,0.7561,41.0,100
episode,2,,9,-292.60,-265.15,27.45,0.9149,47.0,100
episode,2,,10,-274.40,-247.48,26.92,0.8974,39.0,100
episode,2,,11,-364.60,-350.01,14.59,0.4865,37.0,100
episode,2,,12,-260.80,-235.09,25.71,0.8571,35.0,100
episode,2,,13,-306.10,-281.35,24.75,0.8250,40.0,100
episode,2,,14,-262.70,-234.84,27.86,0.9286,28.0,100
episode,2,,15,-303.00,-276.10,26.90,0.8966,29.0,100
episode,2,,16,-286.80,-268.13,18.67,0.6222,45.0,100
episode,2,,17,-675.90,-653.14,22.76,0.7586,29.0,100
episode,2,,18,-360.80,-331.66,29.14,0.9714,35.0,100
episode,2,,19,-232.00,-222.63,9.38,0.3125,16.0,100
episode,2,,20,-360.90,-342.72,18.18,0.6061,33.0,100
episode,2,,21,-288.20,-259.56,28.64,0.9545,44.0,100
episode,2,,22,-271.90,-256.49,15.41,0.5135,37.0,100
episode,2,,23,-361.80,-335.33,26.47,0.8824,34.0,100
episode,2,,24,-257.40,-238.58,18.82,0.6275,51.0,100
summary,,50,,-302.05,-279.30,22.75,0.7582,35.96,
episode,3,,0,-376.40,-351.49,24.91,0.8302,53.0,100
episode,3,,1,-335.70,-312.84,22.86,0.7619,42.0,100
episode,3,,2,-344.80,-318.13,26.67,0.8889,36.0,100
episode,3,,3,-185.00,-164.60,20.40,0.6800,25.0,100
episode,3,,4,-306.80,-279.41,27.39,0.9130,46.0,100
episode,3,,5,-346.90,-324.04,22.86,0.7619,42.0,100
episode,3,,6,-233.30,-213.61,19.69,0.6562,32.0,100
episode,3,,7,-337.20,-315.66,21.54,0.7179,39.0,100
episode,3,,8,-374.30,-347.16,27.14,0.9048,42.0,100
episode,3,,9,-293.30,-269.55,23.75,0.7917,48.0,100
episode,3,,10,-335.10,-308.26,26.84,0.8947,38.0,100
episode,3,,11,-289.00,-265.32,23.68,0.7895,38.0,100
episode,3,,12,-244.40,-219.02,25.38,0.8462,39.0,100
episode,3,,13,-261.40,-243.90,17.50,0.5833,36.0,100
episode,3,,14,-259.60,-235.88,23.72,0.7907,43.0,100
episode,3,,15,-339.40,-312.26,27.14,0.9048,42.0,100
episode,3,,16,-254.00,-227.85,26.15,0.8718,39.0,100
episode,3,,17,-343.00,-320.86,22.14,0.7381,42.0,100
episode,3,,18,-343.10,-317.98,25.12,0.8372,43.0,100
episode,3,,19,-144.20,-114.20,30.00,1.0000,30.0,100
episode,3,,20,-345.90,-319.56,26.34,0.8780,41.0,100
episode,3,,21,-329.50,-305.88,23.62,0.7872,47.0,100
episode,3,,22,-323.40,-322.54,0.86,0.0286,35.0,100
episode,3,,23,-330.30,-302.67,27.63,0.9211,38.0,100
episode,3,,24,-335.90,-309.09,26.81,0.8936,47.0,100
summary,,75,,-304.48,-280.87,23.61,0.7869,40.12,
episode,4,,0,-236.90,-208.99,27.91,0.9302,43.0,100
episode,4,,1,-347.50,-344.29,3.21,0.1071,28.0,100
episode,4,,2,-327.70,-303.15,24.55,0.8182,44.0,100
episode,4,,3,-292.00,-266.29,25.71,0.8571,42.0,100
episode,4,,4,-295.70,-267.81,27.89,0.9298,57.0,100
episode,4,,5,-244.40,-222.84,21.56,0.7188,32.0,100
episode,4,,6,-335.90,-315.68,20.22,0.6739,46.0,100
episode,4,,7,-339.60,-317.10,22.50,0.7500,36.0,100
episode,4,,8,-302.50,-279.48,23.02,0.7674,43.0,100
episode,4,,9,-334.10,-307.16,26.94,0.8980,49.0,100
episode,4,,10,-275.10,-260.10,15.00,0.5000,36.0,100
episode,4,,11,-254.40,-228.40,26.00,0.8667,45.0,100
episode,4,,12,-278.90,-257.30,21.60,0.7200,50.0,100
episode,4,,13,-245.10,-228.60,16.50,0.5500,40.0,100
episode,4,,14,-294.90,-266.30,28.60,0.9535,43.0,100
episode,4,,15,-327.10,-299.71,27.39,0.9130,46.0,100
episode,4,,16,-332.00,-304.00,28.00,0.9333,45.0,100
episode,4,,17,-364.00,-339.45,24.55,0.8182,44.0,100
episode,4,,18,-349.10,-333.77,15.33,0.5111,45.0,100
episode,4,,19,-303.00,-276.24,26.76,0.8919,37.0,100
episode,4,,20,-323.90,-295.03,28.87,0.9623,53.0,100
episode,4,,21,-303.60,-294.92,8.68,0.2895,38.0,100
episode,4,,22,-265.40,-241.99,23.41,0.7805,41.0,100
episode,4,,23,-273.70,-267.47,6.23,0.2075,53.0,100
episode,4,,24,-276.60,-254.26,22.34,0.7447,47.0,100
summary,,100,,-300.92,-279.21,21.71,0.7237,43.32,
episode,5,,0,-319.80,-291.02,28.78,0.9592,49.0,100
episode,5,,1,-313.70,-291.56,22.14,0.7381,42.0,100
episode,5,,2,-362.00,-336.91,25.09,0.8364,55.0,100
episode,5,,3,-296.00,-274.71,21.29,0.7097,31.0,100
episode,5,,4,-317.20,-298.00,19.20,0.6400,50.0,100
episode,5,,5,-316.00,-288.50,27.50,0.9167,48.0,100
episode,5,,6,-241.60,-215.99,25.61,0.8537,41.0,100
episode,5,,7,-311.50,-290.68,20.82,0.6939,49.0,100
episode,5,,8,-318.00,-291.26,26.74,0.8913,46.0,100
episode,5,,9,-354.40,-325.65,28.75,0.9583,48.0,100
episode,5,,10,-353.60,-330.66,22.94,0.7647,51.0,100
episode,5,,11,-250.50,-228.15,22.35,0.7451,51.0,100
episode,5,,12,-252.00,-224.94,27.06,0.9020,51.0,100
episode,5,,13,-248.00,-220.20,27.80,0.9268,41.0,100
episode,5,,14,-324.10,-302.56,21.54,0.7179,39.0,100
episode,5,,15,-301.00,-273.79,27.21,0.9070,43.0,100
episode,5,,16,-308.20,-303.58,4.62,0.1538,39.0,100
episode,5,,17,-291.00,-265.62,25.38,0.8462,39.0,100
episode,5,,18,-307.70,-288.88,18.82,0.6275,51.0,100
episode,5,,19,-302.00,-275.00,27.00,0.9000,40.0,100
episode,5,,20,-304.20,-276.00,28.20,0.9400,50.0,100
episode,5,,21,-276.90,-248.23,28.67,0.9556,45.0,100
episode,5,,22,-337.80,-307.80,30.00,1.0000,38.0,100
episode,5,,23,-270.80,-250.09,20.71,0.6905,42.0,100
episode,5,,24,-320.50,-313.64,6.86,0.2286,35.0,100
summary,,125,,-303.94,-280.54,23.40,0.7801,44.56,
episode,6,,0,-297.00,-269.67,27.33,0.9111,45.0,100
episode,6,,1,-334.00,-310.14,23.86,0.7955,44.0,100
episode,6,,2,-311.30,-297.40,13.90,0.4634,41.0,100
episode,6,,3,-249.00,-220.88,28.12,0.9375,32.0,100
episode,6,,4,-307.00,-281.71,25.29,0.8431,51.0,100
episode,6,,5,-324.70,-309.70,15.00,0.5000,38.0,100
episode,6,,6,-286.30,-263.97,22.33,0.7442,43.0,100
episode,6,,7,-331.90,-302.69,29.21,0.9737,38.0,100
episode,6,,8,-364.80,-336.10,28.70,0.9565,46.0,100
episode,6,,9,-331.90,-308.02,23.88,0.7959,49.0,100
episode,6,,10,-326.90,-297.58,29.32,0.9773,44.0,100
episode,6,,11,-345.60,-320.79,24.81,0.8269,52.0,100
episode,6,,12,-254.80,-229.00,25.80,0.8600,50.0,100
episode,6,,13,-320.60,-296.05,24.55,0.8182,44.0,100
episode,6,,14,-305.90,-278.04,27.86,0.9286,42.0,100
episode,6,,15,-253.00,-228.12,24.88,0.8293,41.0,100
episode,6,,16,-254.50,-230.50,24.00,0.8000,45.0,100
episode,6,,17,-273.70,-249.23,24.47,0.8158,38.0,100
episode,6,,18,-372.90,-346.65,26.25,0.8750,48.0,100
episode,6,,19,-320.00,-292.09,27.91,0.9302,43.0,100
episode,6,,20,-346.40,-330.80,15.60,0.5200,50.0,100
episode,6,,21,-208.70,-184.70,24.00,0.8000,40.0,100
episode,6,,22,-299.50,-271.46,28.04,0.9348,46.0,100
episode,6,,23,-307.80,-284.32,23.48,0.7826,46.0,100
episode,6,,24,-286.80,-258.00,28.80,0.9600,50.0,100
summary,,150,,-304.60,-279.90,24.70,0.8232,44.24,
episode,7,,0,-268.20,-244.76,23.44,0.7812,32.0,100
episode,7,,1,-358.00,-332.80,25.20,0.8400,50.0,100
episode,7,,2,-344.80,-316.47,28.33,0.9444,36.0,100
episode,7,,3,-269.00,-245.77,23.23,0.7742,31.0,100
episode,7,,4,-324.30,-301.36,22.94,0.7647,51.0,100
episode,7,,5,-341.00,-312.88,28.12,0.9375,48.0,100
episode,7,,6,-338.80,-313.33,25.47,0.8491,53.0,100
episode,7,,7,-314.60,-288.01,26.59,0.8864,44.0,100
episode,7,,8,-266.20,-238.65,27.55,0.9184,49.0,100
episode,7,,9,-336.50,-311.83,24.67,0.8222,45.0,100
episode,7,,10,-292.50,-280.06,12.44,0.4146,41.0,100
episode,7,,11,-271.00,-250.75,20.25,0.6750,40.0,100
episode,7,,12,-287.70,-259.61,28.09,0.9362,47.0,100
episode,7,,13,-265.10,-235.91,29.19,0.9730,37.0,100
episode,7,,14,-365.70,-346.61,19.09,0.6364,33.0,100
episode,7,,15,-248.00,-220.73,27.27,0.9091,33.0,100
episode,7,,16,-271.70,-244.70,27.00,0.9000,50.0,100
episode,7,,17,-309.30,-280.70,28.60,0.9535,43.0,100
episode,7,,18,-323.10,-302.61,20.49,0.6829,41.0,100
episode,7,,19,-343.00,-315.25,27.75,0.9250,40.0,100
episode,7,,20,-313.70,-289.03,24.67,0.8222,45.0,100
episode,7,,21,-328.00,-300.31,27.69,0.9231,39.0,100
episode,7,,22,-327.60,-299.85,27.75,0.9250,40.0,100
episode,7,,23,-294.80,-282.03,12.77,0.4255,47.0,100
episode,7,,24,-345.30,-326.79,18.51,0.6170,47.0,100
summary,,175,,-309.92,-285.63,24.28,0.8095,42.48,
episode,8,,0,-315.70,-289.99,25.71,0.8571,42.0,100
episode,8,,1,-327.40,-303.08,24.32,0.8108,37.0,100
episode,8,,2,-318.00,-299.86,18.14,0.6047,43.0,100
episode,8,,3,-328.00,-300.31,27.69,0.9231,39.0,100
episode,8,,4,-336.70,-314.20,22.50,0.7500,60.0,100
episode,8,,5,-252.30,-231.81,20.49,0.6829,41.0,100
episode,8,,6,-338.60,-308.60,30.00,1.0000,53.0,100
episode,8,,7,-299.00,-269.56,29.44,0.9815,54.0,100
episode,8,,8,-289.50,-260.80,28.70,0.9565,46.0,100
episode,8,,9,-334.80,-307.30,27.50,0.9167,48.0,100
episode,8,,10,-358.00,-331.16,26.84,0.8947,38.0,100
episode,8,,11,-249.10,-224.73,24.38,0.8125,32.0,100
episode,8,,12,-326.90,-307.28,19.62,0.6538,26.0,100
episode,8,,13,-366.80,-338.71,28.09,0.9362,47.0,100
episode,8,,14,-395.80,-370.09,25.71,0.8571,49.0,100
episode,8,,15,-344.90,-324.67,20.23,0.6744,43.0,100
episode,8,,16,-327.10,-302.66,24.44,0.8148,54.0,100
episode,8,,17,-338.20,-310.70,27.50,0.9167,48.0,100
episode,8,,18,-345.90,-318.30,27.60,0.9200,50.0,100
episode,8,,19,-314.00,-286.07,27.93,0.9310,29.0,100
episode,8,,20,-339.20,-314.97,24.23,0.8077,52.0,100
episode,8,,21,-235.80,-208.61,27.19,0.9062,32.0,100
episode,8,,22,-304.00,-282.92,21.08,0.7027,37.0,100
episode,8,,23,-340.20,-311.50,28.70,0.9565,46.0,100
episode,8,,24,-333.10,-311.75,21.35,0.7115,52.0,100
summary,,200,,-322.36,-297.18,25.18,0.8392,43.92,
episode,9,,0,-317.80,-293.95,23.85,0.7949,39.0,100
episode,9,,1,-310.40,-291.65,18.75,0.6250,32.0,100
episode,9,,2,-268.40,-239.01,29.39,0.9796,49.0,100
episode,9,,3,-330.00,-305.45,24.55,0.8182,44.0,100
episode,9,,4,-331.10,-309.22,21.88,0.7292,48.0,100
episode,9,,5,-257.40,-231.59,25.81,0.8605,43.0,100
episode,9,,6,-368.00,-345.50,22.50,0.7500,48.0,100
episode,9,,7,-317.70,-290.63,27.07,0.9024,41.0,100
episode,9,,8,-308.90,-280.54,28.36,0.9455,55.0,100
episode,9,,9,-276.80,-249.73,27.07,0.9024,41.0,100
episode,9,,10,-323.70,-297.37,26.33,0.8776,49.0,100
episode,9,,11,-303.30,-278.44,24.86,0.8286,35.0,100
episode,9,,12,-294.80,-265.59,29.21,0.9737,38.0,100
episode,9,,13,-363.80,-334.51,29.29,0.9762,42.0,100
episode,9,,14,-286.50,-262.65,23.85,0.7949,39.0,100
episode,9,,15,-327.40,-303.76,23.64,0.7879,33.0,100
episode,9,,16,-308.50,-284.06,24.44,0.8148,54.0,100
episode,9,,17,-327.00,-300.57,26.43,0.8810,42.0,100
episode,9,,18,-291.20,-263.00,28.20,0.9400,50.0,100
episode,9,,19,-328.00,-310.95,17.05,0.5682,44.0,100
episode,9,,20,-313.80,-287.37,26.43,0.8810,42.0,100
episode,9,,21,-329.50,-320.50,9.00,0.3000,40.0,100
episode,9,,22,-299.60,-276.71,22.89,0.7632,38.0,100
episode,9,,23,-332.90,-309.15,23.75,0.7917,48.0,100
episode,9,,24,-279.70,-254.17,25.53,0.8511,47.0,100
summary,,225,,-311.85,-287.44,24.40,0.8135,43.24,
episode,10,,0,-367.80,-340.17,27.63,0.9211,38.0,100
episode,10,,1,-290.00,-268.33,21.67,0.7222,36.0,100
episode,10,,2,-355.60,-327.65,27.95,0.9318,44.0,100
episode,10,,3,-356.00,-335.37,20.62,0.6875,32.0,100
episode,10,,4,-378.40,-353.59,24.81,0.8269,52.0,100
episode,10,,5,-296.00,-271.87,24.13,0.8043,46.0,100
episode,10,,6,-340.00,-312.86,27.14,0.9048,42.0,100
episode,10,,7,-390.20,-364.94,25.26,0.8421,38.0,100
episode,10,,8,-317.50,-290.99,26.51,0.8837,43.0,100
episode,10,,9,-340.50,-313.91,26.59,0.8864,44.0,100
episode,10,,10,-358.80,-329.42,29.38,0.9792,48.0,100
episode,10,,11,-320.70,-292.10,28.60,0.9535,43.0,100
episode,10,,12,-315.30,-288.63,26.67,0.8889,36.0,100
episode,10,,13,-238.90,-224.73,14.17,0.4722,36.0,100
episode,10,,14,-311.40,-285.35,26.05,0.8684,38.0,100
episode,10,,15,-258.20,-230.08,28.12,0.9375,32.0,100
episode,10,,16,-279.50,-255.50,24.00,0.8000,40.0,100
episode,10,,17,-321.00,-295.50,25.50,0.8500,40.0,100
episode,10,,18,-310.10,-281.94,28.16,0.9388,49.0,100
episode,10,,19,-359.00,-352.82,6.18,0.2059,34.0,100
episode,10,,20,-338.10,-310.41,27.69,0.9231,39.0,100
episode,10,,21,-380.20,-359.20,21.00,0.7000,40.0,100
episode,10,,22,-292.00,-266.69,25.31,0.8438,32.0,100
episode,10,,23,-324.70,-301.29,23.41,0.7805,41.0,100
episode,10,,24,-276.60,-247.30,29.30,0.9767,43.0,100
summary,,250,,-324.66,-300.02,24.64,0.8212,40.24,
episode,11,,0,-311.00,-282.67,28.33,0.9444,36.0,100
episode,11,,1,-312.20,-284.93,27.27,0.9091,44.0,100
episode,11,,2,-288.60,-263.48,25.12,0.8372,43.0,100
episode,11,,3,-339.00,-313.47,25.53,0.8511,47.0,100
episode,11,,4,-378.00,-359.87,18.12,0.6042,48.0,100
episode,11,,5,-313.10,-291.47,21.63,0.7209,43.0,100
episode,11,,6,-346.80,-321.66,25.14,0.8378,37.0,100
episode,11,,7,-389.00,-372.53,16.47,0.5490,51.0,100
episode,11,,8,-238.60,-218.03,20.57,0.6857,35.0,100
episode,11,,9,-304.40,-279.93,24.47,0.8158,38.0,100
episode,11,,10,-311.80,-285.47,26.33,0.8776,49.0,100
episode,11,,11,-296.90,-276.65,20.25,0.6750,40.0,100
episode,11,,12,-311.30,-281.95,29.35,0.9783,46.0,100
episode,11,,13,-342.20,-314.02,28.18,0.9394,33.0,100
episode,11,,14,-334.80,-326.32,8.48,0.2826,46.0,100
episode,11,,15,-398.70,-376.75,21.95,0.7317,41.0,100
episode,11,,16,-281.20,-255.05,26.15,0.8718,39.0,100
episode,11,,17,-384.60,-366.03,18.57,0.6190,42.0,100
episode,11,,18,-311.50,-285.67,25.83,0.8611,36.0,100
episode,11,,19,-376.00,-369.14,6.86,0.2286,35.0,100
episode,11,,20,-332.10,-304.01,28.09,0.9362,47.0,100
episode,11,,21,-227.80,-203.94,23.86,0.7955,44.0,100
episode,11,,22,-283.20,-259.95,23.25,0.7750,40.0,100
episode,11,,23,-312.60,-292.60,20.00,0.6667,42.0,100
episode,11,,24,-291.10,-262.43,28.67,0.9556,45.0,100
summary,,275,,-320.66,-297.92,22.74,0.7580,41.88,
episode,12,,0,-348.60,-322.17,26.43,0.8810,42.0,100
episode,12,,1,-341.60,-318.03,23.57,0.7857,42.0,100
episode,12,,2,-377.30,-351.47,25.83,0.8611,36.0,100
episode,12,,3,-377.00,-357.24,19.76,0.6585,41.0,100
episode,12,,4,-340.10,-318.85,21.25,0.7083,48.0,100
episode,12,,5,-340.50,-311.72,28.78,0.9592,49.0,100
episode,12,,6,-364.30,-354.79,9.51,0.3171,41.0,100
episode,12,,7,-359.40,-345.40,14.00,0.4667,45.0,100
episode,12,,8,-316.40,-290.97,25.43,0.8478,46.0,100
episode,12,,9,-385.20,-367.06,18.14,0.6047,43.0,100
episode,12,,10,-268.60,-242.65,25.95,0.8649,37.0,100
episode,12,,11,-336.50,-308.00,28.50,0.9500,40.0,100
episode,12,,12,-263.00,-238.12,24.88,0.8293,41.0,100
episode,12,,13,-331.60,-303.91,27.69,0.9231,39.0,100
episode,12,,14,-319.40,-295.55,23.85,0.7949,39.0,100
episode,12,,15,-367.10,-341.72,25.38,0.8462,39.0,100
episode,12,,16,-339.60,-313.89,25.71,0.8571,49.0,100
episode,12,,17,-285.00,-267.31,17.69,0.5897,39.0,100
episode,12,,18,-335.40,-307.54,27.86,0.9286,42.0,100
episode,12,,19,-338.00,-314.67,23.33,0.7778,36.0,100
episode,12,,20,-315.10,-288.76,26.34,0.8780,41.0,100
episode,12,,21,-290.00,-264.29,25.71,0.8571,35.0,100
episode,12,,22,-217.60,-190.05,27.55,0.9184,49.0,100
episode,12,,23,-327.60,-302.60,25.00,0.8333,42.0,100
episode,12,,24,-297.80,-276.58,21.22,0.7073,41.0,100
summary,,300,,-327.31,-303.73,23.57,0.7858,41.68,
episode,13,,0,-310.60,-291.01,19.59,0.6531,49.0,100
episode,13,,1,-330.70,-302.90,27.80,0.9268,41.0,100
episode,13,,2,-341.00,-318.94,22.06,0.7353,34.0,100
episode,13,,3,-330.00,-302.20,27.80,0.9268,41.0,100
episode,13,,4,-358.20,-328.84,29.36,0.9787,47.0,100
episode,13,,5,-349.50,-320.78,28.72,0.9574,47.0,100
episode,13,,6,-357.30,-328.50,28.80,0.9600,50.0,100
episode,13,,7,-252.00,-227.45,24.55,0.8182,33.0,100
episode,13,,8,-330.60,-301.19,29.41,0.9804,51.0,100
episode,13,,9,-343.10,-334.03,9.07,0.3023,43.0,100
episode,13,,10,-283.90,-260.49,23.41,0.7805,41.0,100
episode,13,,11,-319.70,-317.20,2.50,0.0833,36.0,100
episode,13,,12,-338.10,-321.36,16.74,0.5581,43.0,100
episode,13,,13,-351.80,-322.42,29.38,0.9792,48.0,100
episode,13,,14,-346.60,-327.27,19.33,0.6444,45.0,100
episode,13,,15,-338.80,-336.55,2.25,0.0750,40.0,100
episode,13,,16,-386.70,-359.31,27.39,0.9130,46.0,100
episode,13,,17,-348.80,-325.66,23.14,0.7714,35.0,100
episode,13,,18,-308.90,-295.40,13.50,0.4500,40.0,100
episode,13,,19,-316.00,-298.31,17.69,0.5897,39.0,100
episode,13,,20,-347.50,-319.00,28.50,0.9500,40.0,100
episode,13,,21,-340.70,-311.98,28.72,0.9574,47.0,100
episode,13,,22,-268.10,-239.43,28.67,0.9556,45.0,100
episode,13,,23,-347.20,-327.87,19.33,0.6444,45.0,100
episode,13,,24,-341.90,-316.61,25.29,0.8431,51.0,100
summary,,325,,-331.51,-309.39,22.12,0.7374,43.08,
episode,14,,0,-296.90,-270.47,26.43,0.8810,42.0,100
episode,14,,1,-358.70,-347.35,11.35,0.3784,37.0,100
episode,14,,2,-380.60,-353.46,27.14,0.9048,42.0,100
episode,14,,3,-314.00,-288.86,25.14,0.8378,37.0,100
episode,14,,4,-296.40,-273.73,22.67,0.7556,45.0,100
episode,14,,5,-334.40,-313.49,20.91,0.6970,33.0,100
episode,14,,6,-344.60,-316.74,27.86,0.9286,42.0,100
episode,14,,7,-262.40,-242.78,19.62,0.6538,26.0,100
episode,14,,8,-266.70,-238.06,28.64,0.9545,44.0,100
episode,14,,9,-369.00,-344.83,24.17,0.8056,36.0,100
episode,14,,10,-287.70,-259.28,28.42,0.9474,38.0,100
episode,14,,11,-241.20,-218.20,23.00,0.7667,30.0,100
episode,14,,12,-367.20,-350.70,16.50,0.5500,40.0,100
episode,14,,13,-375.60,-349.24,26.36,0.8788,33.0,100
episode,14,,14,-297.90,-271.43,26.47,0.8824,34.0,100
episode,14,,15,-307.50,-289.04,18.46,0.6154,39.0,100
episode,14,,16,-429.00,-429.00,0.00,0.0000,38.0,100
episode,14,,17,-391.20,-367.05,24.15,0.8049,41.0,100
episode,14,,18,-336.10,-318.23,17.87,0.5957,47.0,100
episode,14,,19,-366.00,-342.00,24.00,0.8000,45.0,100
episode,14,,20,-340.70,-312.10,28.60,0.9535,43.0,100
episode,14,,21,-391.00,-365.80,25.20,0.8400,50.0,100
episode,14,,22,-250.10,-229.43,20.67,0.6889,45.0,100
episode,14,,23,-342.60,-320.52,22.08,0.7358,53.0,100
episode,14,,24,-299.30,-271.24,28.06,0.9355,31.0,100
summary,,350,,-329.87,-307.32,22.55,0.7517,39.64,
episode,15,,0,-341.80,-313.16,28.64,0.9545,44.0,100
episode,15,,1,-345.90,-327.74,18.16,0.6053,38.0,100
episode,15,,2,-372.00,-349.50,22.50,0.7500,32.0,100
episode,15,,3,-360.00,-349.00,11.00,0.3667,30.0,100
episode,15,,4,-362.70,-334.75,27.95,0.9318,44.0,100
episode,15,,5,-310.50,-288.68,21.82,0.7273,33.0,100
episode,15,,6,-369.50,-341.93,27.57,0.9189,37.0,100
episode,15,,7,-300.90,-272.84,28.06,0.9355,31.0,100
episode,15,,8,-351.80,-330.45,21.35,0.7115,52.0,100
episode,15,,9,-386.50,-358.04,28.46,0.9487,39.0,100
episode,15,,10,-352.90,-326.06,26.84,0.8947,38.0,100
episode,15,,11,-247.20,-217.95,29.25,0.9750,40.0,100
episode,15,,12,-286.20,-257.63,28.57,0.9524,42.0,100
episode,15,,13,-352.60,-326.03,26.57,0.8857,35.0,100
episode,15,,14,-331.30,-305.59,25.71,0.8571,42.0,100
episode,15,,15,-334.80,-324.09,10.71,0.3571,28.0,100
episode,15,,16,-360.10,-352.10,8.00,0.2667,45.0,100
episode,15,,17,-364.30,-351.95,12.35,0.4118,34.0,100
episode,15,,18,-290.10,-264.51,25.59,0.8529,34.0,100
episode,15,,19,-322.00,-294.90,27.10,0.9032,31.0,100
episode,15,,20,-333.90,-312.27,21.63,0.7209,43.0,100
episode,15,,21,-331.80,-302.42,29.38,0.9792,48.0,100
episode,15,,22,-352.90,-323.71,29.19,0.9730,37.0,100
episode,15,,23,-361.50,-334.83,26.67,0.8889,45.0,100
episode,15,,24,-335.40,-312.22,23.18,0.7727,44.0,100
summary,,375,,-338.34,-314.89,23.45,0.7817,38.64,
episode,16,,0,-329.10,-306.16,22.94,0.7647,34.0,100
episode,16,,1,-367.80,-340.61,27.19,0.9062,32.0,100
episode,16,,2,-373.10,-345.10,28.00,0.9333,45.0,100
episode,16,,3,-366.00,-344.40,21.60,0.7200,25.0,100
episode,16,,4,-335.90,-310.04,25.86,0.8621,29.0,100
episode,16,,5,-321.00,-294.21,26.79,0.8929,28.0,100
episode,16,,6,-318.20,-291.44,26.76,0.8919,37.0,100
episode,16,,7,-380.00,-354.39,25.61,0.8537,41.0,100
episode,16,,8,-337.90,-309.90,28.00,0.9333,30.0,100
episode,16,,9,-383.50,-356.15,27.35,0.9118,34.0,100
episode,16,,10,-382.60,-356.99,25.61,0.8537,41.0,100
episode,16,,11,-370.70,-340.70,30.00,1.0000,42.0,100
episode,16,,12,-328.80,-302.89,25.91,0.8636,44.0,100
episode,16,,13,-344.40,-318.06,26.34,0.8780,41.0,100
episode,16,,14,-311.00,-284.53,26.47,0.8824,34.0,100
episode,16,,15,-346.70,-328.05,18.65,0.6216,37.0,100
episode,16,,16,-361.40,-335.90,25.50,0.8500,40.0,100
episode,16,,17,-252.00,-226.14,25.86,0.8621,29.0,100
episode,16,,18,-299.00,-273.50,25.50,0.8500,40.0,100
episode,16,,19,-316.00,-289.83,26.17,0.8723,47.0,100
episode,16,,20,-331.30,-303.67,27.63,0.9211,38.0,100
episode,16,,21,-301.80,-275.06,26.74,0.8913,46.0,100
episode,16,,22,-272.00,-254.75,17.25,0.5750,40.0,100
episode,16,,23,-340.60,-313.79,26.81,0.8936,47.0,100
episode,16,,24,-301.70,-271.70,30.00,1.0000,44.0,100
summary,,400,,-334.90,-309.12,25.78,0.8594,37.80,
episode,17,,0,-403.10,-381.28,21.82,0.7273,33.0,100
episode,17,,1,-336.00,-308.25,27.75,0.9250,40.0,100
episode,17,,2,-353.00,-326.08,26.92,0.8974,39.0,100
episode,17,,3,-334.00,-311.20,22.80,0.7600,25.0,100
episode,17,,4,-301.80,-278.57,23.23,0.7742,31.0,100
episode,17,,5,-318.70,-292.65,26.05,0.8684,38.0,100
episode,17,,6,-295.70,-272.02,23.68,0.7895,38.0,100
episode,17,,7,-361.90,-338.39,23.51,0.7838,37.0,100
episode,17,,8,-305.50,-277.64,27.86,0.9286,42.0,100
episode,17,,9,-369.60,-345.22,24.38,0.8125,32.0,100
episode,17,,10,-379.30,-356.62,22.68,0.7561,41.0,100
episode,17,,11,-369.00,-342.75,26.25,0.8750,40.0,100
episode,17,,12,-284.40,-256.54,27.86,0.9286,42.0,100
episode,17,,13,-324.80,-299.68,25.12,0.8372,43.0,100
episode,17,,14,-342.60,-314.65,27.95,0.9318,44.0,100
episode,17,,15,-292.10,-271.83,20.27,0.6757,37.0,100
episode,17,,16,-366.10,-338.15,27.95,0.9318,44.0,100
episode,17,,17,-423.80,-396.70,27.10,0.9032,31.0,100
episode,17,,18,-319.90,-299.47,20.43,0.6809,47.0,100
episode,17,,19,-317.00,-287.73,29.27,0.9756,41.0,100
episode,17,,20,-363.00,-335.90,27.10,0.9032,31.0,100
episode,17,,21,-275.70,-248.63,27.07,0.9024,41.0,100
episode,17,,22,-311.90,-284.80,27.10,0.9032,31.0,100
episode,17,,23,-309.10,-283.39,25.71,0.8571,42.0,100
episode,17,,24,-254.60,-225.96,28.64,0.9545,44.0,100
summary,,425,,-332.50,-306.96,25.54,0.8513,38.16,
episode,18,,0,-310.10,-283.34,26.76,0.8919,37.0,100
episode,18,,1,-372.80,-348.94,23.86,0.7955,44.0,100
episode,18,,2,-294.60,-266.14,28.46,0.9487,39.0,100
episode,18,,3,-370.00,-344.05,25.95,0.8649,37.0,100
episode,18,,4,-325.20,-298.53,26.67,0.8889,36.0,100
episode,18,,5,-370.10,-345.78,24.32,0.8108,37.0,100
episode,18,,6,-319.20,-293.11,26.09,0.8696,46.0,100
episode,18,,7,-384.90,-362.01,22.89,0.7632,38.0,100
episode,18,,8,-368.00,-340.37,27.63,0.9211,38.0,100
episode,18,,9,-317.20,-289.93,27.27,0.9091,44.0,100
episode,18,,10,-330.40,-306.14,24.26,0.8085,47.0,100
episode,18,,11,-330.00,-303.43,26.57,0.8857,35.0,100
episode,18,,12,-331.00,-309.57,21.43,0.7143,42.0,100
episode,18,,13,-334.30,-315.97,18.33,0.6111,36.0,100
episode,18,,14,-319.20,-295.34,23.86,0.7955,44.0,100
episode,18,,15,-348.00,-322.19,25.81,0.8605,43.0,100
episode,18,,16,-382.40,-354.40,28.00,0.9333,45.0,100
episode,18,,17,-277.00,-253.32,23.68,0.7895,38.0,100
episode,18,,18,-346.00,-322.67,23.33,0.7778,45.0,100
episode,18,,19,-352.40,-333.83,18.57,0.6190,42.0,100
episode,18,,20,-334.00,-305.58,28.42,0.9474,38.0,100
episode,18,,21,-300.20,-275.58,24.62,0.8205,39.0,100
episode,18,,22,-284.60,-257.03,27.57,0.9189,37.0,100
episode,18,,23,-289.70,-265.58,24.12,0.8039,51.0,100
episode,18,,24,-310.10,-283.59,26.51,0.8837,43.0,100
summary,,450,,-332.06,-307.06,25.00,0.8333,40.84,
episode,19,,0,-301.00,-273.07,27.93,0.9310,29.0,100
episode,19,,1,-356.50,-334.24,22.26,0.7419,31.0,100
episode,19,,2,-301.20,-276.20,25.00,0.8333,42.0,100
episode,19,,3,-322.00,-300.05,21.95,0.7317,41.0,100
episode,19,,4,-327.80,-301.37,26.43,0.8810,42.0,100
episode,19,,5,-334.60,-309.01,25.59,0.8529,34.0,100
episode,19,,6,-383.30,-363.30,20.00,0.6667,33.0,100
episode,19,,7,-374.90,-350.28,24.62,0.8205,39.0,100
episode,19,,8,-291.70,-263.37,28.33,0.9444,36.0,100
episode,19,,9,-235.00,-205.00,30.00,1.0000,32.0,100
episode,19,,10,-322.00,-299.67,22.33,0.7442,43.0,100
episode,19,,11,-299.40,-276.32,23.08,0.7692,39.0,100
episode,19,,12,-306.80,-282.95,23.85,0.7949,39.0,100
episode,19,,13,-266.40,-245.32,21.08,0.7027,37.0,100
episode,19,,14,-322.50,-294.93,27.57,0.9189,37.0,100
episode,19,,15,-270.50,-243.83,26.67,0.8889,45.0,100
episode,19,,16,-384.00,-357.33,26.67,0.8889,45.0,100
episode,19,,17,-323.00,-295.31,27.69,0.9231,39.0,100
episode,19,,18,-309.90,-292.65,17.25,0.5750,40.0,100
episode,19,,19,-317.00,-294.11,22.89,0.7632,38.0,100
episode,19,,20,-364.60,-343.04,21.56,0.7188,32.0,100
episode,19,,21,-283.80,-257.46,26.34,0.8780,41.0,100
episode,19,,22,-306.00,-277.96,28.04,0.9348,46.0,100
episode,19,,23,-345.00,-332.86,12.14,0.4048,42.0,100
episode,19,,24,-320.00,-294.41,25.59,0.8529,34.0,100
summary,,475,,-318.76,-294.56,24.19,0.8065,38.24,
episode,20,,0,-234.80,-211.47,23.33,0.7778,27.0,100
episode,20,,1,-333.90,-308.52,25.38,0.8462,39.0,100
episode,20,,2,-304.00,-276.78,27.22,0.9074,54.0,100
episode,20,,3,-324.00,-295.58,28.42,0.9474,38.0,100
episode,20,,4,-316.40,-291.09,25.31,0.8438,32.0,100
episode,20,,5,-324.50,-296.87,27.63,0.9211,38.0,100
episode,20,,6,-351.00,-324.64,26.36,0.8788,33.0,100
episode,20,,7,-248.30,-222.92,25.38,0.8462,39.0,100
episode,20,,8,-338.50,-311.00,27.50,0.9167,36.0,100
episode,20,,9,-237.40,-209.16,28.24,0.9412,34.0,100
episode,20,,10,-337.60,-311.26,26.34,0.8780,41.0,100
episode,20,,11,-284.80,-257.88,26.92,0.8974,39.0,100
episode,20,,12,-287.70,-260.31,27.39,0.9130,46.0,100
episode,20,,13,-346.00,-321.12,24.88,0.8293,41.0,100
episode,20,,14,-329.80,-301.51,28.29,0.9429,35.0,100
episode,20,,15,-330.40,-303.59,26.81,0.8936,47.0,100
episode,20,,16,-345.60,-317.06,28.54,0.9512,41.0,100
episode,20,,17,-353.00,-324.36,28.64,0.9545,44.0,100
episode,20,,18,-332.20,-309.31,22.89,0.7632,38.0,100
episode,20,,19,-276.00,-248.25,27.75,0.9250,40.0,100
episode,20,,20,-300.50,-298.19,2.31,0.0769,39.0,100
episode,20,,21,-364.90,-344.03,20.87,0.6957,46.0,100
episode,20,,22,-322.60,-299.84,22.76,0.7586,29.0,100
episode,20,,23,-332.50,-308.82,23.68,0.7895,38.0,100
episode,20,,24,-308.60,-280.97,27.63,0.9211,38.0,100
summary,,500,,-314.60,-289.38,25.22,0.8406,38.88,
episode,21,,0,-247.00,-221.69,25.31,0.8438,32.0,100
episode,21,,1,-336.00,-314.33,21.67,0.7222,36.0,100
episode,21,,2,-329.00,-306.71,22.29,0.7429,35.0,100
episode,21,,3,-296.00,-276.80,19.20,0.6400,25.0,100
episode,21,,4,-357.30,-330.46,26.84,0.8947,38.0,100
episode,21,,5,-320.10,-293.85,26.25,0.8750,32.0,100
episode,21,,6,-373.90,-346.80,27.10,0.9032,31.0,100
episode,21,,7,-391.00,-369.08,21.92,0.7308,26.0,100
episode,21,,8,-372.90,-355.06,17.84,0.5946,37.0,100
episode,21,,9,-285.00,-255.86,29.14,0.9714,35.0,100
episode,21,,10,-361.90,-337.02,24.88,0.8293,41.0,100
episode,21,,11,-297.80,-268.77,29.03,0.9677,31.0,100
episode,21,,12,-256.70,-231.11,25.59,0.8529,34.0,100
episode,21,,13,-290.00,-264.05,25.95,0.8649,37.0,100
episode,21,,14,-258.00,-232.17,25.83,0.8611,36.0,100
episode,21,,15,-315.60,-296.43,19.17,0.6389,36.0,100
episode,21,,16,-364.40,-343.22,21.18,0.7059,34.0,100
episode,21,,17,-392.10,-365.74,26.36,0.8788,33.0,100
episode,21,,18,-322.50,-293.38,29.12,0.9706,34.0,100
episode,21,,19,-294.00,-267.75,26.25,0.8750,32.0,100
episode,21,,20,-312.80,-285.37,27.43,0.9143,35.0,100
episode,21,,21,-329.20,-305.95,23.25,0.7750,40.0,100
episode,21,,22,-303.50,-276.58,26.92,0.8974,39.0,100
episode,21,,23,-341.90,-314.90,27.00,0.9000,40.0,100
episode,21,,24,-326.00,-300.84,25.16,0.8387,31.0,100
summary,,525,,-322.98,-298.16,24.83,0.8276,34.40,
episode,22,,0,-326.00,-299.33,26.67,0.8889,36.0,100
episode,22,,1,-307.10,-280.74,26.36,0.8788,33.0,100
episode,22,,2,-339.00,-312.64,26.36,0.8788,33.0,100
episode,22,,3,-310.00,-288.44,21.56,0.7188,32.0,100
episode,22,,4,-309.50,-281.70,27.80,0.9268,41.0,100
episode,22,,5,-319.70,-295.38,24.32,0.8108,37.0,100
episode,22,,6,-361.80,-335.44,26.36,0.8788,33.0,100
episode,22,,7,-305.50,-276.57,28.93,0.9643,28.0,100
episode,22,,8,-265.70,-241.70,24.00,0.8000,35.0,100
episode,22,,9,-360.20,-336.56,23.64,0.7879,33.0,100
episode,22,,10,-354.20,-333.37,20.83,0.6944,36.0,100
episode,22,,11,-226.60,-204.34,22.26,0.7419,31.0,100
episode,22,,12,-262.90,-240.84,22.06,0.7353,34.0,100
episode,22,,13,-349.50,-322.00,27.50,0.9167,36.0,100
episode,22,,14,-341.80,-323.64,18.16,0.6053,38.0,100
episode,22,,15,-340.80,-313.23,27.57,0.9189,37.0,100
episode,22,,16,-339.50,-310.38,29.12,0.9706,34.0,100
episode,22,,17,-379.60,-356.66,22.94,0.7647,34.0,100
episode,22,,18,-343.20,-315.20,28.00,0.9333,45.0,100
episode,22,,19,-373.00,-345.25,27.75,0.9250,40.0,100
episode,22,,20,-352.30,-327.30,25.00,0.8333,30.0,100
episode,22,,21,-325.00,-298.43,26.57,0.8857,35.0,100
episode,22,,22,-320.00,-299.09,20.91,0.6970,33.0,100
episode,22,,23,-317.20,-291.05,26.15,0.8718,39.0,100
episode,22,,24,-307.30,-282.30,25.00,0.8333,30.0,100
summary,,550,,-325.50,-300.46,25.03,0.8344,34.92,
episode,23,,0,-325.60,-307.87,17.73,0.5909,22.0,100
episode,23,,1,-325.80,-308.53,17.27,0.5758,33.0,100
episode,23,,2,-309.00,-293.06,15.94,0.5312,32.0,100
episode,23,,3,-355.00,-336.54,18.46,0.6154,26.0,100
episode,23,,4,-243.70,-219.70,24.00,0.8000,30.0,100
episode,23,,5,-302.80,-275.30,27.50,0.9167,36.0,100
episode,23,,6,-322.00,-296.84,25.16,0.8387,31.0,100
episode,23,,7,-319.00,-297.89,21.11,0.7037,27.0,100
episode,23,,8,-236.60,-210.77,25.83,0.8611,36.0,100
episode,23,,9,-330.00,-306.28,23.72,0.7907,43.0,100
episode,23,,10,-304.00,-284.00,20.00,0.6667,33.0,100
episode,23,,11,-296.00,-276.83,19.17,0.6389,36.0,100
episode,23,,12,-274.20,-251.20,23.00,0.7667,30.0,100
episode,23,,13,-243.90,-223.90,20.00,0.6667,36.0,100
episode,23,,14,-318.60,-292.45,26.15,0.8718,39.0,100
episode,23,,15,-237.10,-212.27,24.83,0.8276,29.0,100
episode,23,,16,-361.80,-334.96,26.84,0.8947,38.0,100
episode,23,,17,-321.30,-296.66,24.64,0.8214,28.0,100
episode,23,,18,-306.60,-281.15,25.45,0.8485,33.0,100
episode,23,,19,-322.00,-295.33,26.67,0.8889,27.0,100
episode,23,,20,-347.40,-321.69,25.71,0.8571,42.0,100
episode,23,,21,-325.30,-296.97,28.33,0.9444,36.0,100
episode,23,,22,-293.10,-270.60,22.50,0.7500,32.0,100
episode,23,,23,-333.80,-308.30,25.50,0.8500,40.0,100
episode,23,,24,-259.50,-239.05,20.45,0.6818,22.0,100
summary,,575,,-304.56,-281.52,23.04,0.7680,32.68,
episode,24,,0,-322.90,-305.12,17.78,0.5926,27.0,100
episode,24,,1,-334.30,-315.30,19.00,0.6333,30.0,100
episode,24,,2,-303.00,-275.31,27.69,0.9231,39.0,100
episode,24,,3,-338.00,-310.07,27.93,0.9310,29.0,100
episode,24,,4,-406.70,-378.77,27.93,0.9310,29.0,100
episode,24,,5,-355.50,-327.17,28.33,0.9444,36.0,100
episode,24,,6,-318.70,-308.39,10.31,0.3438,32.0,100
episode,24,,7,-281.90,-258.57,23.33,0.7778,27.0,100
episode,24,,8,-337.00,-315.40,21.60,0.7200,25.0,100
episode,24,,9,-344.10,-316.60,27.50,0.9167,36.0,100
episode,24,,10,-268.30,-241.63,26.67,0.8889,27.0,100
episode,24,,11,-243.70,-215.52,28.18,0.9394,33.0,100
episode,24,,12,-284.90,-256.66,28.24,0.9412,34.0,100
episode,24,,13,-297.50,-271.50,26.00,0.8667,30.0,100
episode,24,,14,-331.10,-301.10,30.00,1.0000,29.0,100
episode,24,,15,-284.20,-256.63,27.57,0.9189,37.0,100
episode,24,,16,-305.00,-278.26,26.74,0.8913,46.0,100
episode,24,,17,-283.00,-268.45,14.55,0.4848,33.0,100
episode,24,,18,-353.60,-329.13,24.47,0.8158,38.0,100
episode,24,,19,-332.00,-304.79,27.21,0.9070,43.0,100
episode,24,,20,-361.00,-332.43,28.57,0.9524,21.0,100
episode,24,,21,-325.50,-302.77,22.73,0.7576,33.0,100
episode,24,,22,-318.00,-290.22,27.78,0.9259,27.0,100
episode,24,,23,-305.40,-283.68,21.72,0.7241,29.0,100
episode,24,,24,-321.20,-294.80,26.40,0.8800,25.0,100
summary,,600,,-318.26,-293.53,24.73,0.8243,31.80,
episode,25,,0,-302.70,-279.97,22.73,0.7576,33.0,100
episode,25,,1,-332.40,-312.40,20.00,0.6667,33.0,100
episode,25,,2,-266.00,-240.29,25.71,0.8571,35.0,100
episode,25,,3,-323.00,-298.00,25.00,0.8333,30.0,100
episode,25,,4,-286.00,-268.50,17.50,0.5833,24.0,100
episode,25,,5,-320.50,-303.13,17.37,0.5789,38.0,100
episode,25,,6,-327.80,-303.25,24.55,0.8182,33.0,100
episode,25,,7,-239.70,-217.53,22.17,0.7391,23.0,100
episode,25,,8,-330.20,-305.00,25.20,0.8400,25.0,100
episode,25,,9,-214.00,-195.38,18.62,0.6207,29.0,100
episode,25,,10,-291.80,-264.70,27.10,0.9032,31.0,100
episode,25,,11,-319.50,-295.50,24.00,0.8000,45.0,100
episode,25,,12,-249.90,-221.97,27.93,0.9310,29.0,100
episode,25,,13,-305.00,-278.00,27.00,0.9000,30.0,100
episode,25,,14,-225.00,-213.89,11.11,0.3704,27.0,100
episode,25,,15,-360.00,-332.00,28.00,0.9333,30.0,100
episode,25,,16,-287.00,-260.75,26.25,0.8750,32.0,100
episode,25,,17,-293.30,-264.11,29.19,0.9730,37.0,100
episode,25,,18,-344.20,-316.77,27.43,0.9143,35.0,100
episode,25,,19,-333.00,-305.20,27.80,0.9268,41.0,100
episode,25,,20,-293.00,-275.00,18.00,0.6000,25.0,100
episode,25,,21,-241.40,-212.34,29.06,0.9688,32.0,100
episode,25,,22,-303.80,-281.30,22.50,0.7500,32.0,100
episode,25,,23,-315.40,-288.97,26.43,0.8810,42.0,100
episode,25,,24,-236.40,-208.97,27.43,0.9143,35.0,100
summary,,625,,-293.64,-269.72,23.92,0.7974,32.24,
episode,26,,0,-297.70,-274.26,23.44,0.7812,32.0,100
episode,26,,1,-298.10,-271.76,26.34,0.8780,41.0,100
episode,26,,2,-275.50,-248.31,27.19,0.9062,32.0,100
episode,26,,3,-314.00,-286.65,27.35,0.9118,34.0,100
episode,26,,4,-234.00,-215.54,18.46,0.6154,26.0,100
episode,26,,5,-268.10,-242.10,26.00,0.8667,45.0,100
episode,26,,6,-319.10,-292.63,26.47,0.8824,34.0,100
episode,26,,7,-231.00,-214.50,16.50,0.5500,20.0,100
episode,26,,8,-308.50,-279.41,29.09,0.9697,33.0,100
episode,26,,9,-160.80,-137.01,23.79,0.7931,29.0,100
episode,26,,10,-357.40,-329.83,27.57,0.9189,37.0,100
episode,26,,11,-313.00,-285.57,27.43,0.9143,35.0,100
episode,26,,12,-209.80,-189.18,20.62,0.6875,32.0,100
episode,26,,13,-316.40,-294.40,22.00,0.7333,30.0,100
episode,26,,14,-312.00,-283.50,28.50,0.9500,40.0,100
episode,26,,15,-252.10,-228.46,23.64,0.7879,33.0,100
episode,26,,16,-286.30,-263.99,22.31,0.7436,39.0,100
episode,26,,17,-289.30,-263.25,26.05,0.8684,38.0,100
episode,26,,18,-338.30,-311.87,26.43,0.8810,42.0,100
episode,26,,19,-283.00,-257.05,25.95,0.8649,37.0,100
episode,26,,20,-407.10,-383.77,23.33,0.7778,36.0,100
episode,26,,21,-304.80,-284.23,20.57,0.6857,35.0,100
episode,26,,22,-261.40,-235.15,26.25,0.8750,32.0,100
episode,26,,23,-320.00,-295.00,25.00,0.8333,36.0,100
episode,26,,24,-248.70,-221.43,27.27,0.9091,44.0,100
summary,,650,,-288.26,-263.55,24.70,0.8234,34.88,
episode,27,,0,-232.00,-204.73,27.27,0.9091,33.0,100
episode,27,,1,-310.60,-290.60,20.00,0.6667,33.0,100
episode,27,,2,-294.00,-266.20,27.80,0.9268,41.0,100
episode,27,,3,-248.00,-219.58,28.42,0.9474,38.0,100
episode,27,,4,-295.40,-266.86,28.54,0.9512,41.0,100
episode,27,,5,-299.40,-274.52,24.88,0.8293,41.0,100
episode,27,,6,-319.20,-289.97,29.23,0.9744,39.0,100
episode,27,,7,-289.00,-261.43,27.57,0.9189,37.0,100
episode,27,,8,-406.10,-386.44,19.66,0.6552,29.0,100
episode,27,,9,-224.40,-198.04,26.36,0.8788,33.0,100
episode,27,,10,-281.00,-258.50,22.50,0.7500,40.0,100
episode,27,,11,-328.70,-304.55,24.15,0.8049,41.0,100
episode,27,,12,-283.10,-258.39,24.71,0.8235,34.0,100
episode,27,,13,-328.60,-303.85,24.75,0.8250,40.0,100
episode,27,,14,-273.00,-245.86,27.14,0.9048,42.0,100
episode,27,,15,-400.80,-374.80,26.00,0.8667,45.0,100
episode,27,,16,-254.20,-224.99,29.21,0.9737,38.0,100
episode,27,,17,-315.40,-287.71,27.69,0.9231,39.0,100
episode,27,,18,-253.70,-226.63,27.07,0.9024,41.0,100
episode,27,,19,-329.00,-301.93,27.07,0.9024,41.0,100
episode,27,,20,-345.20,-325.20,20.00,0.6667,39.0,100
episode,27,,21,-320.90,-294.43,26.47,0.8824,34.0,100
episode,27,,22,-363.30,-334.80,28.50,0.9500,40.0,100
episode,27,,23,-318.80,-290.08,28.72,0.9574,47.0,100
episode,27,,24,-306.60,-278.03,28.57,0.9524,42.0,100
summary,,675,,-304.82,-278.72,26.09,0.8697,38.72,
episode,28,,0,-264.20,-237.95,26.25,0.8750,32.0,100
episode,28,,1,-290.20,-267.12,23.08,0.7692,26.0,100
episode,28,,2,-382.00,-358.28,23.72,0.7907,43.0,100
episode,28,,3,-303.00,-280.89,22.11,0.7368,38.0,100
episode,28,,4,-334.90,-310.52,24.38,0.8125,48.0,100
episode,28,,5,-300.60,-273.46,27.14,0.9048,42.0,100
episode,28,,6,-334.40,-314.17,20.23,0.6744,43.0,100
episode,28,,7,-385.90,-361.15,24.75,0.8250,40.0,100
episode,28,,8,-346.10,-319.31,26.79,0.8929,28.0,100
episode,28,,9,-394.90,-366.18,28.72,0.9574,47.0,100
episode,28,,10,-269.20,-244.58,24.62,0.8205,39.0,100
episode,28,,11,-247.00,-219.37,27.63,0.9211,38.0,100
episode,28,,12,-229.80,-200.57,29.23,0.9744,39.0,100
episode,28,,13,-358.40,-331.01,27.39,0.9130,46.0,100
episode,28,,14,-345.50,-319.14,26.36,0.8788,33.0,100
episode,28,,15,-301.20,-275.70,25.50,0.8500,40.0,100
episode,28,,16,-264.40,-241.90,22.50,0.7500,36.0,100
episode,28,,17,-307.10,-280.74,26.36,0.8788,33.0,100
episode,28,,18,-316.50,-287.83,28.67,0.9556,45.0,100
episode,28,,19,-324.00,-299.62,24.38,0.8125,32.0,100
episode,28,,20,-347.30,-320.46,26.84,0.8947,38.0,100
episode,28,,21,-298.90,-269.81,29.09,0.9697,33.0,100
episode,28,,22,-346.00,-317.30,28.70,0.9565,46.0,100
episode,28,,23,-283.50,-258.07,25.43,0.8478,46.0,100
episode,28,,24,-268.00,-249.74,18.26,0.6087,46.0,100
summary,,700,,-313.72,-288.20,25.52,0.8508,39.08,
episode,29,,0,-336.10,-309.26,26.84,0.8947,38.0,100
episode,29,,1,-335.40,-323.40,12.00,0.4000,40.0,100
episode,29,,2,-317.80,-287.80,30.00,1.0000,47.0,100
episode,29,,3,-324.00,-296.65,27.35,0.9118,34.0,100
episode,29,,4,-341.70,-312.83,28.87,0.9623,53.0,100
episode,29,,5,-352.20,-330.45,21.75,0.7250,40.0,100
episode,29,,6,-316.50,-291.79,24.71,0.8235,34.0,100
episode,29,,7,-292.20,-264.02,28.18,0.9394,33.0,100
episode,29,,8,-332.90,-304.57,28.33,0.9444,36.0,100
episode,29,,9,-287.40,-260.66,26.74,0.8913,46.0,100
episode,29,,10,-363.10,-335.83,27.27,0.9091,44.0,100
episode,29,,11,-344.70,-316.03,28.67,0.9556,45.0,100
episode,29,,12,-282.60,-254.85,27.75,0.9250,40.0,100
episode,29,,13,-311.70,-284.60,27.10,0.9032,31.0,100
episode,29,,14,-298.90,-271.98,26.92,0.8974,39.0,100
episode,29,,15,-322.30,-298.13,24.17,0.8056,36.0,100
episode,29,,16,-284.00,-259.29,24.71,0.8235,34.0,100
episode,29,,17,-309.00,-281.09,27.91,0.9302,43.0,100
episode,29,,18,-324.40,-296.54,27.86,0.9286,42.0,100
episode,29,,19,-281.00,-259.86,21.14,0.7045,44.0,100
episode,29,,20,-298.20,-271.53,26.67,0.8889,36.0,100
episode,29,,21,-257.20,-230.53,26.67,0.8889,45.0,100
episode,29,,22,-262.00,-232.79,29.21,0.9737,38.0,100
episode,29,,23,-262.00,-233.40,28.60,0.9535,43.0,100
episode,29,,24,-255.10,-243.51,11.59,0.3864,44.0,100
summary,,725,,-307.70,-282.06,25.64,0.8547,40.20,
episode,30,,0,-319.00,-297.28,21.72,0.7241,29.0,100
episode,30,,1,-275.90,-249.54,26.36,0.8788,33.0,100
episode,30,,2,-253.00,-226.67,26.33,0.8776,49.0,100
episode,30,,3,-265.00,-238.16,26.84,0.8947,38.0,100
episode,30,,4,-313.30,-289.44,23.86,0.7955,44.0,100
episode,30,,5,-319.80,-293.33,26.47,0.8824,34.0,100
episode,30,,6,-302.50,-273.70,28.80,0.9600,50.0,100
episode,30,,7,-256.60,-232.23,24.38,0.8125,32.0,100
episode,30,,8,-285.30,-257.80,27.50,0.9167,36.0,100
episode,30,,9,-348.50,-321.50,27.00,0.9000,40.0,100
episode,30,,10,-339.90,-310.63,29.27,0.9756,41.0,100
episode,30,,11,-251.80,-232.01,19.79,0.6596,47.0,100
episode,30,,12,-224.00,-202.18,21.82,0.7273,44.0,100
episode,30,,13,-334.60,-307.46,27.14,0.9048,42.0,100
episode,30,,14,-277.90,-249.61,28.29,0.9429,35.0,100
episode,30,,15,-336.90,-312.75,24.15,0.8049,41.0,100
episode,30,,16,-242.50,-218.65,23.85,0.7949,39.0,100
episode,30,,17,-276.00,-251.85,24.15,0.8049,41.0,100
episode,30,,18,-311.50,-291.50,20.00,0.6667,45.0,100
episode,30,,19,-322.00,-300.82,21.18,0.7059,34.0,100
episode,30,,20,-289.60,-263.80,25.80,0.8600,50.0,100
episode,30,,21,-322.20,-299.70,22.50,0.7500,40.0,100
episode,30,,22,-220.10,-195.98,24.12,0.8039,51.0,100
episode,30,,23,-367.90,-341.73,26.17,0.8723,47.0,100
episode,30,,24,-282.70,-255.63,27.07,0.9024,41.0,100
summary,,750,,-293.54,-268.56,24.98,0.8327,40.92,
episode,31,,0,-339.30,-314.55,24.75,0.8250,40.0,100
episode,31,,1,-280.40,-253.26,27.14,0.9048,42.0,100
episode,31,,2,-302.00,-275.57,26.43,0.8810,42.0,100
episode,31,,3,-249.00,-228.55,20.45,0.6818,22.0,100
episode,31,,4,-315.20,-286.40,28.80,0.9600,50.0,100
episode,31,,5,-315.80,-287.89,27.91,0.9302,43.0,100
episode,31,,6,-247.70,-223.51,24.19,0.8065,31.0,100
episode,31,,7,-353.20,-328.37,24.83,0.8276,29.0,100
episode,31,,8,-314.80,-286.34,28.46,0.9487,39.0,100
episode,31,,9,-320.00,-291.43,28.57,0.9524,42.0,100
episode,31,,10,-399.20,-373.57,25.62,0.8542,48.0,100
episode,31,,11,-236.30,-210.35,25.95,0.8649,37.0,100
episode,31,,12,-285.60,-261.11,24.49,0.8163,49.0,100
episode,31,,13,-244.00,-216.65,27.35,0.9118,34.0,100
episode,31,,14,-304.40,-280.27,24.13,0.8043,46.0,100
episode,31,,15,-263.00,-236.43,26.57,0.8857,35.0,100
episode,31,,16,-263.30,-238.16,25.14,0.8378,37.0,100
episode,31,,17,-281.00,-255.20,25.80,0.8600,50.0,100
episode,31,,18,-302.40,-280.97,21.43,0.7143,49.0,100
episode,31,,19,-250.00,-226.67,23.33,0.7778,36.0,100
episode,31,,20,-307.90,-281.73,26.17,0.8723,47.0,100
episode,31,,21,-322.90,-295.98,26.92,0.8974,39.0,100
episode,31,,22,-265.50,-237.50,28.00,0.9333,45.0,100
episode,31,,23,-330.80,-309.74,21.06,0.7021,47.0,100
episode,31,,24,-253.80,-230.57,23.23,0.7742,31.0,100
summary,,775,,-293.90,-268.43,25.47,0.8490,40.40,
episode,32,,0,-308.70,-282.53,26.17,0.8723,47.0,100
episode,32,,1,-299.10,-269.10,30.00,1.0000,45.0,100
episode,32,,2,-262.70,-237.70,25.00,0.8333,36.0,100
episode,32,,3,-332.00,-314.00,18.00,0.6000,35.0,100
episode,32,,4,-222.80,-196.06,26.74,0.8913,46.0,100
episode,32,,5,-273.50,-252.57,20.93,0.6977,43.0,100
episode,32,,6,-317.20,-293.69,23.51,0.7838,37.0,100
episode,32,,7,-250.60,-222.42,28.18,0.9394,33.0,100
episode,32,,8,-368.30,-341.49,26.81,0.8936,47.0,100
episode,32,,9,-382.10,-354.77,27.33,0.9111,45.0,100
episode,32,,10,-342.70,-324.56,18.14,0.6047,43.0,100
episode,32,,11,-298.80,-270.05,28.75,0.9583,48.0,100
episode,32,,12,-277.10,-247.10,30.00,1.0000,47.0,100
episode,32,,13,-326.30,-296.30,30.00,1.0000,38.0,100
episode,32,,14,-302.80,-288.59,14.21,0.4737,38.0,100
episode,32,,15,-293.10,-271.67,21.43,0.7143,35.0,100
episode,32,,16,-253.60,-230.27,23.33,0.7778,45.0,100
episode,32,,17,-296.00,-273.14,22.86,0.7619,42.0,100
episode,32,,18,-317.10,-293.59,23.51,0.7838,37.0,100
episode,32,,19,-312.00,-284.37,27.63,0.9211,38.0,100
episode,32,,20,-320.90,-292.08,28.82,0.9608,51.0,100
episode,32,,21,-293.00,-266.83,26.17,0.8723,47.0,100
episode,32,,22,-232.10,-213.57,18.53,0.6176,34.0,100
episode,32,,23,-338.40,-309.13,29.27,0.9756,41.0,100
episode,32,,24,-278.10,-249.60,28.50,0.9500,40.0,100
summary,,800,,-299.96,-275.01,24.95,0.8318,41.52,
episode,33,,0,-355.20,-329.97,25.23,0.8409,44.0,100
episode,33,,1,-302.90,-279.42,23.48,0.7826,46.0,100
episode,33,,2,-269.50,-244.61,24.89,0.8298,47.0,100
episode,33,,3,-239.00,-210.25,28.75,0.9583,24.0,100
episode,33,,4,-337.00,-315.00,22.00,0.7333,45.0,100
episode,33,,5,-303.20,-281.06,22.14,0.7381,42.0,100
episode,33,,6,-298.00,-272.57,25.43,0.8478,46.0,100
episode,33,,7,-291.00,-267.32,23.68,0.7895,38.0,100
episode,33,,8,-387.20,-358.87,28.33,0.9444,36.0,100
episode,33,,9,-320.80,-293.80,27.00,0.9000,40.0,100
episode,33,,10,-262.00,-240.18,21.82,0.7273,44.0,100
episode,33,,11,-366.20,-336.87,29.33,0.9778,45.0,100
episode,33,,12,-313.20,-286.80,26.40,0.8800,50.0,100
episode,33,,13,-299.10,-271.35,27.75,0.9250,40.0,100
episode,33,,14,-339.00,-314.87,24.13,0.8043,46.0,100
episode,33,,15,-292.80,-264.80,28.00,0.9333,45.0,100
episode,33,,16,-349.80,-322.39,27.41,0.9138,58.0,100
episode,33,,17,-331.00,-305.14,25.86,0.8621,29.0,100
episode,33,,18,-308.80,-281.80,27.00,0.9000,40.0,100
episode,33,,19,-367.00,-340.66,26.34,0.8780,41.0,100
episode,33,,20,-317.90,-299.15,18.75,0.6250,40.0,100
episode,33,,21,-322.00,-292.73,29.27,0.9756,41.0,100
episode,33,,22,-380.00,-350.65,29.35,0.9783,46.0,100
episode,33,,23,-334.60,-308.98,25.62,0.8542,48.0,100
episode,33,,24,-346.50,-327.17,19.33,0.6444,45.0,100
summary,,825,,-321.35,-295.86,25.49,0.8498,42.64,
episode,34,,0,-371.00,-349.57,21.43,0.7143,35.0,100
episode,34,,1,-382.70,-353.92,28.78,0.9592,49.0,100
episode,34,,2,-270.60,-243.84,26.76,0.8919,37.0,100
episode,34,,3,-272.00,-260.26,11.74,0.3913,46.0,100
episode,34,,4,-317.00,-289.93,27.07,0.9024,41.0,100
episode,34,,5,-308.90,-284.23,24.67,0.8222,45.0,100
episode,34,,6,-329.30,-302.54,26.76,0.8919,37.0,100
episode,34,,7,-348.60,-322.03,26.57,0.8857,35.0,100
episode,34,,8,-336.00,-308.68,27.32,0.9107,56.0,100
episode,34,,9,-309.70,-279.70,30.00,1.0000,51.0,100
episode,34,,10,-369.70,-342.89,26.81,0.8936,47.0,100
episode,34,,11,-350.20,-325.60,24.60,0.8200,50.0,100
episode,34,,12,-384.90,-360.41,24.49,0.8163,49.0,100
episode,34,,13,-281.20,-255.97,25.23,0.8409,44.0,100
episode,34,,14,-288.00,-263.71,24.29,0.8095,42.0,100
episode,34,,15,-222.60,-195.79,26.81,0.8936,47.0,100
episode,34,,16,-316.00,-293.96,22.04,0.7347,49.0,100
episode,34,,17,-333.60,-308.48,25.12,0.8372,43.0,100
episode,34,,18,-366.50,-337.68,28.82,0.9608,51.0,100
episode,34,,19,-269.00,-240.84,28.16,0.9388,49.0,100
episode,34,,20,-330.40,-303.89,26.51,0.8837,43.0,100
episode,34,,21,-314.00,-285.91,28.09,0.9362,47.0,100
episode,34,,22,-276.90,-248.86,28.04,0.9348,46.0,100
episode,34,,23,-318.30,-296.60,21.70,0.7234,47.0,100
episode,34,,24,-329.70,-301.46,28.24,0.9412,51.0,100
summary,,850,,-319.87,-294.27,25.60,0.8534,45.48,
episode,35,,0,-286.30,-265.87,20.43,0.6809,47.0,100
episode,35,,1,-290.40,-261.01,29.39,0.9796,49.0,100
episode,35,,2,-353.90,-324.54,29.36,0.9787,47.0,100
episode,35,,3,-337.00,-308.43,28.57,0.9524,42.0,100
episode,35,,4,-322.40,-297.30,25.10,0.8367,49.0,100
episode,35,,5,-303.50,-274.72,28.78,0.9592,49.0,100
episode,35,,6,-336.50,-307.72,28.78,0.9592,49.0,100
episode,35,,7,-283.00,-259.52,23.48,0.7826,46.0,100
episode,35,,8,-400.60,-370.60,30.00,1.0000,38.0,100
episode,35,,9,-349.50,-323.70,25.80,0.8600,50.0,100
episode,35,,10,-253.70,-227.89,25.81,0.8605,43.0,100
episode,35,,11,-348.50,-322.10,26.40,0.8800,50.0,100
episode,35,,12,-317.60,-294.20,23.40,0.7800,50.0,100
episode,35,,13,-307.10,-280.26,26.84,0.8947,57.0,100
episode,35,,14,-348.50,-322.25,26.25,0.8750,48.0,100
episode,35,,15,-343.70,-313.70,30.00,1.0000,43.0,100
episode,35,,16,-327.40,-298.98,28.42,0.9474,38.0,100
episode,35,,17,-316.90,-290.75,26.15,0.8718,39.0,100
episode,35,,18,-346.40,-317.11,29.29,0.9762,42.0,100
episode,35,,19,-314.00,-294.00,20.00,0.6667,39.0,100
episode,35,,20,-333.70,-305.70,28.00,0.9333,45.0,100
episode,35,,21,-290.90,-268.04,22.86,0.7619,42.0,100
episode,35,,22,-234.00,-205.73,28.27,0.9423,52.0,100
episode,35,,23,-305.40,-275.40,30.00,1.0000,47.0,100
episode,35,,24,-339.50,-320.21,19.29,0.6429,42.0,100
summary,,875,,-319.62,-293.19,26.43,0.8809,45.72,
episode,36,,0,-338.90,-311.57,27.33,0.9111,45.0,100
episode,36,,1,-337.80,-319.51,18.29,0.6098,41.0,100
episode,36,,2,-345.20,-317.29,27.91,0.9302,43.0,100
episode,36,,3,-283.00,-281.09,1.91,0.0638,47.0,100
episode,36,,4,-360.90,-335.43,25.47,0.8491,53.0,100
episode,36,,5,-364.40,-343.22,21.18,0.7059,51.0,100
episode,36,,6,-290.80,-261.51,29.29,0.9762,42.0,100
episode,36,,7,-363.20,-340.70,22.50,0.7500,40.0,100
episode,36,,8,-323.20,-296.73,26.47,0.8824,51.0,100
episode,36,,9,-315.50,-292.32,23.18,0.7727,44.0,100
episode,36,,10,-341.90,-315.09,26.81,0.8936,47.0,100
episode,36,,11,-285.30,-257.52,27.78,0.9259,54.0,100
episode,36,,12,-248.30,-219.58,28.72,0.9574,47.0,100
episode,36,,13,-329.20,-300.56,28.64,0.9545,44.0,100
episode,36,,14,-340.70,-318.66,22.04,0.7347,49.0,100
episode,36,,15,-338.30,-315.44,22.86,0.7619,42.0,100
episode,36,,16,-370.00,-345.00,25.00,0.8333,48.0,100
episode,36,,17,-358.60,-329.28,29.32,0.9773,44.0,100
episode,36,,18,-333.30,-314.01,19.29,0.6429,42.0,100
episode,36,,19,-262.00,-236.88,25.12,0.8372,43.0,100
episode,36,,20,-348.10,-324.53,23.57,0.7857,42.0,100
episode,36,,21,-236.30,-214.87,21.43,0.7143,35.0,100
episode,36,,22,-290.00,-266.00,24.00,0.8000,45.0,100
episode,36,,23,-323.70,-295.96,27.74,0.9245,53.0,100
episode,36,,24,-350.50,-321.06,29.44,0.9815,54.0,100
summary,,900,,-323.16,-298.95,24.21,0.8070,45.84,
episode,37,,0,-383.10,-355.10,28.00,0.9333,45.0,100
episode,37,,1,-306.60,-280.99,25.61,0.8537,41.0,100
episode,37,,2,-341.00,-312.30,28.70,0.9565,46.0,100
episode,37,,3,-356.00,-327.40,28.60,0.9535,43.0,100
episode,37,,4,-313.70,-291.88,21.82,0.7273,44.0,100
episode,37,,5,-370.80,-347.03,23.77,0.7925,53.0,100
episode,37,,6,-320.50,-292.55,27.95,0.9318,44.0,100
episode,37,,7,-344.60,-322.97,21.63,0.7209,43.0,100
episode,37,,8,-398.00,-371.00,27.00,0.9000,40.0,100
episode,37,,9,-316.30,-288.10,28.20,0.9400,50.0,100
episode,37,,10,-356.10,-328.01,28.09,0.9362,47.0,100
episode,37,,11,-382.60,-354.36,28.24,0.9412,51.0,100
episode,37,,12,-206.50,-182.18,24.32,0.8108,37.0,100
episode,37,,13,-298.40,-272.08,26.32,0.8772,57.0,100
episode,37,,14,-333.00,-310.86,22.14,0.7381,42.0,100
episode,37,,15,-371.80,-346.68,25.12,0.8372,43.0,100
episode,37,,16,-326.20,-299.86,26.34,0.8780,41.0,100
episode,37,,17,-378.70,-352.30,26.40,0.8800,50.0,100
episode,37,,18,-340.40,-311.65,28.75,0.9583,48.0,100
episode,37,,19,-332.00,-309.20,22.80,0.7600,50.0,100
episode,37,,20,-352.50,-325.77,26.73,0.8909,55.0,100
episode,37,,21,-232.50,-213.00,19.50,0.6500,40.0,100
episode,37,,22,-306.30,-276.79,29.51,0.9836,61.0,100
episode,37,,23,-327.70,-306.18,21.52,0.7174,46.0,100
episode,37,,24,-370.00,-343.13,26.88,0.8958,48.0,100
summary,,925,,-334.61,-308.85,25.76,0.8586,46.60,
episode,38,,0,-309.90,-281.81,28.09,0.9362,47.0,100
episode,38,,1,-342.50,-312.50,30.00,1.0000,35.0,100
episode,38,,2,-327.00,-300.83,26.17,0.8723,47.0,100
episode,38,,3,-297.00,-267.77,29.23,0.9744,39.0,100
episode,38,,4,-322.00,-303.59,18.41,0.6136,44.0,100
episode,38,,5,-309.50,-286.48,23.02,0.7674,43.0,100
episode,38,,6,-339.00,-310.73,28.27,0.9423,52.0,100
episode,38,,7,-409.70,-392.67,17.03,0.5676,37.0,100
episode,38,,8,-362.50,-333.75,28.75,0.9583,48.0,100
episode,38,,9,-394.90,-367.57,27.33,0.9111,45.0,100
episode,38,,10,-323.50,-298.17,25.33,0.8444,45.0,100
episode,38,,11,-346.70,-318.46,28.24,0.9412,51.0,100
episode,38,,12,-229.20,-206.70,22.50,0.7500,28.0,100
episode,38,,13,-376.50,-354.28,22.22,0.7407,54.0,100
episode,38,,14,-347.90,-319.95,27.95,0.9318,44.0,100
episode,38,,15,-354.10,-326.45,27.65,0.9216,51.0,100
episode,38,,16,-305.00,-279.47,25.53,0.8511,47.0,100
episode,38,,17,-404.00,-376.07,27.93,0.9310,58.0,100
episode,38,,18,-361.50,-336.30,25.20,0.8400,50.0,100
episode,38,,19,-288.00,-265.89,22.11,0.7368,38.0,100
episode,38,,20,-328.50,-307.83,20.67,0.6889,45.0,100
episode,38,,21,-303.00,-273.86,29.14,0.9714,35.0,100
episode,38,,22,-293.00,-265.31,27.69,0.9231,52.0,100
episode,38,,23,-363.50,-337.91,25.59,0.8529,34.0,100
episode,38,,24,-351.50,-324.56,26.94,0.8980,49.0,100
summary,,950,,-335.60,-309.96,25.64,0.8547,44.72,
episode,39,,0,-325.90,-297.99,27.91,0.9302,43.0,100
episode,39,,1,-319.80,-294.37,25.43,0.8478,46.0,100
episode,39,,2,-310.00,-280.00,30.00,1.0000,52.0,100
episode,39,,3,-319.00,-290.62,28.38,0.9459,37.0,100
episode,39,,4,-291.90,-262.60,29.30,0.9767,43.0,100
episode,39,,5,-349.70,-321.66,28.04,0.9348,46.0,100
episode,39,,6,-297.50,-272.27,25.23,0.8409,44.0,100
episode,39,,7,-335.60,-315.60,20.00,0.6667,39.0,100
episode,39,,8,-329.80,-301.89,27.91,0.9302,43.0,100
episode,39,,9,-330.70,-305.39,25.31,0.8438,32.0,100
episode,39,,10,-333.50,-305.00,28.50,0.9500,40.0,100
episode,39,,11,-359.90,-335.48,24.42,0.8140,43.0,100
episode,39,,12,-278.90,-249.53,29.38,0.9792,48.0,100
episode,39,,13,-363.30,-338.83,24.47,0.8158,38.0,100
episode,39,,14,-305.40,-283.45,21.95,0.7317,41.0,100
episode,39,,15,-328.10,-300.01,28.09,0.9362,47.0,100
episode,39,,16,-352.10,-328.77,23.33,0.7778,36.0,100
episode,39,,17,-363.00,-337.74,25.26,0.8421,38.0,100
episode,39,,18,-347.60,-320.46,27.14,0.9048,42.0,100
episode,39,,19,-341.00,-312.30,28.70,0.9565,46.0,100
episode,39,,20,-334.20,-306.51,27.69,0.9231,52.0,100
episode,39,,21,-341.50,-312.90,28.60,0.9535,43.0,100
episode,39,,22,-281.30,-266.30,15.00,0.5000,36.0,100
episode,39,,23,-258.00,-229.67,28.33,0.9444,36.0,100
episode,39,,24,-344.10,-314.70,29.40,0.9800,50.0,100
summary,,975,,-325.67,-299.36,26.31,0.8770,42.44,
episode,40,,0,-337.60,-308.28,29.32,0.9773,44.0,100
episode,40,,1,-361.80,-334.73,27.07,0.9024,41.0,100
episode,40,,2,-311.00,-283.67,27.33,0.9111,45.0,100
episode,40,,3,-381.00,-354.75,26.25,0.8750,32.0,100
episode,40,,4,-391.80,-364.23,27.57,0.9189,37.0,100
episode,40,,5,-356.90,-331.67,25.23,0.8409,44.0,100
episode,40,,6,-406.50,-377.09,29.41,0.9804,51.0,100
episode,40,,7,-341.20,-316.06,25.14,0.8378,37.0,100
episode,40,,8,-323.90,-296.69,27.21,0.9070,43.0,100
episode,40,,9,-327.90,-301.65,26.25,0.8750,40.0,100
episode,40,,10,-314.90,-285.53,29.38,0.9792,48.0,100
episode,40,,11,-311.30,-283.01,28.29,0.9429,35.0,100
episode,40,,12,-348.90,-320.30,28.60,0.9535,43.0,100
episode,40,,13,-347.30,-327.07,20.23,0.6744,43.0,100
episode,40,,14,-285.80,-260.68,25.12,0.8372,43.0,100
episode,40,,15,-390.50,-361.83,28.67,0.9556,45.0,100
episode,40,,16,-335.30,-309.05,26.25,0.8750,48.0,100
episode,40,,17,-376.00,-350.00,26.00,0.8667,30.0,100
episode,40,,18,-343.40,-318.28,25.12,0.8372,43.0,100
episode,40,,19,-336.00,-311.29,24.71,0.8235,34.0,100
episode,40,,20,-322.30,-293.84,28.46,0.9487,39.0,100
episode,40,,21,-293.20,-266.69,26.51,0.8837,43.0,100
episode,40,,22,-317.70,-289.66,28.04,0.9348,46.0,100
episode,40,,23,-342.70,-318.70,24.00,0.8000,40.0,100
episode,40,,24,-278.60,-250.65,27.95,0.9318,44.0,100
summary,,1000,,-339.34,-312.62,26.72,0.8908,41.52,
episode,41,,0,-275.10,-247.65,27.45,0.9149,47.0,100
episode,41,,1,-318.40,-297.32,21.08,0.7027,37.0,100
episode,41,,2,-371.00,-344.13,26.88,0.8958,48.0,100
episode,41,,3,-339.00,-318.00,21.00,0.7000,40.0,100
episode,41,,4,-342.90,-317.52,25.38,0.8462,52.0,100
episode,41,,5,-311.20,-284.08,27.12,0.9038,52.0,100
episode,41,,6,-348.70,-322.89,25.81,0.8605,43.0,100
episode,41,,7,-242.60,-216.09,26.51,0.8837,43.0,100
episode,41,,8,-285.50,-259.70,25.80,0.8600,50.0,100
episode,41,,9,-394.30,-366.06,28.24,0.9412,51.0,100
episode,41,,10,-333.50,-307.10,26.40,0.8800,50.0,100
episode,41,,11,-310.30,-285.52,24.78,0.8261,46.0,100
episode,41,,12,-340.70,-311.43,29.27,0.9756,41.0,100
episode,41,,13,-350.70,-323.10,27.60,0.9200,50.0,100
episode,41,,14,-316.50,-288.59,27.91,0.9302,43.0,100
episode,41,,15,-338.50,-309.78,28.72,0.9574,47.0,100
episode,41,,16,-309.20,-281.08,28.12,0.9375,48.0,100
episode,41,,17,-283.00,-255.73,27.27,0.9091,33.0,100
episode,41,,18,-375.70,-351.15,24.55,0.8182,44.0,100
episode,41,,19,-354.00,-326.57,27.43,0.9143,35.0,100
episode,41,,20,-329.00,-309.00,20.00,0.6667,39.0,100
episode,41,,21,-277.30,-248.60,28.70,0.9565,46.0,100
episode,41,,22,-350.00,-322.93,27.07,0.9024,41.0,100
episode,41,,23,-310.40,-284.87,25.53,0.8511,47.0,100
episode,41,,24,-331.00,-308.27,22.73,0.7576,33.0,100
summary,,1025,,-325.54,-299.49,26.05,0.8685,44.24,
episode,42,,0,-262.70,-233.88,28.82,0.9608,51.0,100
episode,42,,1,-309.80,-280.48,29.32,0.9773,44.0,100
episode,42,,2,-328.00,-301.85,26.15,0.8718,39.0,100
episode,42,,3,-350.00,-320.00,30.00,1.0000,34.0,100
episode,42,,4,-312.70,-285.37,27.33,0.9111,45.0,100
episode,42,,5,-272.60,-246.65,25.95,0.8649,37.0,100
episode,42,,6,-323.70,-297.37,26.33,0.8776,49.0,100
episode,42,,7,-287.10,-258.35,28.75,0.9583,48.0,100
episode,42,,8,-325.60,-301.18,24.42,0.8140,43.0,100
episode,42,,9,-256.50,-228.04,28.46,0.9487,39.0,100
episode,42,,10,-308.90,-280.99,27.91,0.9302,43.0,100
episode,42,,11,-373.20,-345.63,27.57,0.9189,37.0,100
episode,42,,12,-340.00,-310.00,30.00,1.0000,44.0,100
episode,42,,13,-328.00,-298.70,29.30,0.9767,43.0,100
episode,42,,14,-341.40,-331.67,9.73,0.3243,37.0,100
episode,42,,15,-292.40,-265.01,27.39,0.9130,46.0,100
episode,42,,16,-257.00,-230.53,26.47,0.8824,34.0,100
episode,42,,17,-341.50,-311.50,30.00,1.0000,37.0,100
episode,42,,18,-322.50,-296.33,26.17,0.8723,47.0,100
episode,42,,19,-321.00,-294.95,26.05,0.8684,38.0,100
episode,42,,20,-320.80,-298.47,22.33,0.7442,43.0,100
episode,42,,21,-384.00,-361.67,22.33,0.7442,43.0,100
episode,42,,22,-360.00,-331.91,28.09,0.9362,47.0,100
episode,42,,23,-360.00,-332.55,27.45,0.9149,47.0,100
episode,42,,24,-347.20,-318.96,28.24,0.9412,34.0,100
summary,,1050,,-321.06,-294.48,26.58,0.8861,41.96,
episode,43,,0,-302.70,-279.19,23.51,0.7838,37.0,100
episode,43,,1,-338.90,-310.86,28.04,0.9348,46.0,100
episode,43,,2,-338.00,-313.74,24.26,0.8085,47.0,100
episode,43,,3,-334.00,-311.11,22.89,0.7632,38.0,100
episode,43,,4,-350.30,-321.28,29.02,0.9672,61.0,100
episode,43,,5,-277.40,-249.07,28.33,0.9444,36.0,100
episode,43,,6,-342.30,-314.14,28.16,0.9388,49.0,100
episode,43,,7,-255.00,-235.00,20.00,0.6667,45.0,100
episode,43,,8,-236.30,-209.23,27.07,0.9024,41.0,100
episode,43,,9,-345.00,-315.60,29.40,0.9800,50.0,100
episode,43,,10,-230.10,-206.85,23.25,0.7750,40.0,100
episode,43,,11,-299.20,-274.31,24.89,0.8298,47.0,100
episode,43,,12,-325.60,-300.48,25.12,0.8372,43.0,100
episode,43,,13,-324.10,-294.66,29.44,0.9815,54.0,100
episode,43,,14,-242.50,-221.28,21.22,0.7073,41.0,100
episode,43,,15,-299.10,-279.64,19.46,0.6486,37.0,100
episode,43,,16,-239.20,-210.81,28.39,0.9464,56.0,100
episode,43,,17,-322.90,-301.01,21.89,0.7297,37.0,100
episode,43,,18,-338.60,-322.68,15.92,0.5306,49.0,100
episode,43,,19,-333.00,-307.09,25.91,0.8636,44.0,100
episode,43,,20,-303.40,-281.09,22.31,0.7436,39.0,100
episode,43,,21,-333.10,-304.77,28.33,0.9444,36.0,100
episode,43,,22,-373.30,-343.98,29.32,0.9773,44.0,100
episode,43,,23,-303.90,-275.90,28.00,0.9333,45.0,100
episode,43,,24,-244.00,-218.50,25.50,0.8500,40.0,100
summary,,1075,,-305.28,-280.09,25.19,0.8395,44.08,
episode,44,,0,-254.50,-227.83,26.67,0.8889,36.0,100
episode,44,,1,-364.30,-337.87,26.43,0.8810,42.0,100
episode,44,,2,-318.00,-291.33,26.67,0.8889,36.0,100
episode,44,,3,-311.00,-287.75,23.25,0.7750,40.0,100
episode,44,,4,-338.30,-308.89,29.41,0.9804,51.0,100
episode,44,,5,-399.70,-373.74,25.96,0.8654,52.0,100
episode,44,,6,-343.10,-320.99,22.11,0.7368,38.0,100
episode,44,,7,-331.00,-303.55,27.45,0.9149,47.0,100
episode,44,,8,-370.50,-349.67,20.83,0.6944,36.0,100
episode,44,,9,-316.10,-288.36,27.74,0.9245,53.0,100
episode,44,,10,-316.90,-289.40,27.50,0.9167,36.0,100
episode,44,,11,-370.40,-345.73,24.67,0.8222,45.0,100
episode,44,,12,-344.30,-318.49,25.81,0.8605,43.0,100
episode,44,,13,-260.20,-231.53,28.67,0.9556,45.0,100
episode,44,,14,-334.60,-312.71,21.89,0.7297,37.0,100
episode,44,,15,-250.40,-223.40,27.00,0.9000,30.0,100
episode,44,,16,-224.60,-204.60,20.00,0.6667,42.0,100
episode,44,,17,-340.70,-317.70,23.00,0.7667,30.0,100
episode,44,,18,-345.30,-318.16,27.14,0.9048,42.0,100
episode,44,,19,-333.00,-311.57,21.43,0.7143,42.0,100
episode,44,,20,-386.30,-360.71,25.59,0.8529,34.0,100
episode,44,,21,-261.80,-236.80,25.00,0.8333,42.0,100
episode,44,,22,-346.50,-318.81,27.69,0.9231,39.0,100
episode,44,,23,-321.60,-294.33,27.27,0.9091,44.0,100
episode,44,,24,-306.00,-280.62,25.38,0.8462,39.0,100
summary,,1100,,-323.56,-298.18,25.38,0.8461,40.84,
episode,45,,0,-205.60,-177.42,28.18,0.9394,33.0,100
episode,45,,1,-341.90,-320.99,20.91,0.6970,33.0,100
episode,45,,2,-384.50,-359.50,25.00,0.8333,42.0,100
episode,45,,3,-272.00,-246.69,25.31,0.8438,32.0,100
episode,45,,4,-325.30,-300.30,25.00,0.8333,42.0,100
episode,45,,5,-326.10,-298.41,27.69,0.9231,52.0,100
episode,45,,6,-334.00,-305.03,28.97,0.9655,29.0,100
episode,45,,7,-312.20,-287.97,24.23,0.8077,26.0,100
episode,45,,8,-321.90,-292.54,29.36,0.9787,47.0,100
episode,45,,9,-359.20,-330.22,28.98,0.9661,59.0,100
episode,45,,10,-255.10,-229.10,26.00,0.8667,30.0,100
episode,45,,11,-327.80,-299.85,27.95,0.9318,44.0,100
episode,45,,12,-382.10,-354.24,27.86,0.9286,42.0,100
episode,45,,13,-211.90,-182.65,29.25,0.9750,40.0,100
episode,45,,14,-321.90,-296.29,25.61,0.8537,41.0,100
episode,45,,15,-302.30,-277.75,24.55,0.8182,33.0,100
episode,45,,16,-274.60,-245.39,29.21,0.9737,38.0,100
episode,45,,17,-387.10,-362.91,24.19,0.8065,31.0,100
episode,45,,18,-360.90,-334.75,26.15,0.8718,39.0,100
episode,45,,19,-303.00,-278.45,24.55,0.8182,44.0,100
episode,45,,20,-343.40,-316.93,26.47,0.8824,34.0,100
episode,45,,21,-287.00,-266.73,20.27,0.6757,37.0,100
episode,45,,22,-344.60,-315.24,29.36,0.9787,47.0,100
episode,45,,23,-366.00,-337.20,28.80,0.9600,50.0,100
episode,45,,24,-324.30,-297.79,26.51,0.8837,43.0,100
summary,,1125,,-318.99,-292.57,26.41,0.8805,39.52,
episode,46,,0,-278.10,-252.27,25.83,0.8611,36.0,100
episode,46,,1,-353.40,-327.06,26.34,0.8780,41.0,100
episode,46,,2,-405.00,-382.69,22.31,0.7436,39.0,100
episode,46,,3,-333.00,-305.14,27.86,0.9286,28.0,100
episode,46,,4,-356.20,-328.29,27.91,0.9302,43.0,100
episode,46,,5,-373.30,-345.67,27.63,0.9211,38.0,100
episode,46,,6,-343.00,-316.75,26.25,0.8750,32.0,100
episode,46,,7,-264.70,-236.10,28.60,0.9535,43.0,100
episode,46,,8,-361.00,-334.85,26.15,0.8718,39.0,100
episode,46,,9,-341.50,-315.64,25.86,0.8621,58.0,100
episode,46,,10,-351.20,-321.20,30.00,1.0000,42.0,100
episode,46,,11,-281.90,-254.21,27.69,0.9231,52.0,100
episode,46,,12,-279.00,-249.00,30.00,1.0000,34.0,100
episode,46,,13,-347.90,-321.23,26.67,0.8889,45.0,100
episode,46,,14,-426.80,-398.34,28.46,0.9487,39.0,100
episode,46,,15,-341.50,-316.95,24.55,0.8182,44.0,100
episode,46,,16,-346.30,-318.26,28.04,0.9348,46.0,100
episode,46,,17,-362.00,-332.77,29.23,0.9744,39.0,100
episode,46,,18,-366.10,-337.38,28.72,0.9574,47.0,100
episode,46,,19,-333.00,-307.77,25.23,0.8409,44.0,100
episode,46,,20,-327.00,-298.54,28.46,0.9487,39.0,100
episode,46,,21,-382.70,-353.90,28.80,0.9600,50.0,100
episode,46,,22,-366.70,-337.37,29.33,0.9778,45.0,100
episode,46,,23,-345.30,-317.21,28.09,0.9362,47.0,100
episode,46,,24,-313.20,-284.23,28.97,0.9655,29.0,100
summary,,1150,,-343.19,-315.71,27.48,0.9160,41.56,
episode,47,,0,-262.60,-237.85,24.75,0.8250,40.0,100
episode,47,,1,-329.90,-302.10,27.80,0.9268,41.0,100
episode,47,,2,-302.70,-274.03,28.67,0.9556,45.0,100
episode,47,,3,-343.00,-319.00,24.00,0.8000,35.0,100
episode,47,,4,-323.30,-294.60,28.70,0.9565,46.0,100
episode,47,,5,-379.90,-350.76,29.14,0.9714,35.0,100
episode,47,,6,-298.50,-269.11,29.39,0.9796,49.0,100
episode,47,,7,-391.90,-365.16,26.74,0.8913,46.0,100
episode,47,,8,-279.70,-251.06,28.64,0.9545,44.0,100
episode,47,,9,-358.20,-330.46,27.74,0.9245,53.0,100
episode,47,,10,-341.80,-313.16,28.64,0.9545,44.0,100
episode,47,,11,-291.90,-269.07,22.83,0.7609,46.0,100
episode,47,,12,-272.80,-245.80,27.00,0.9000,40.0,100
episode,47,,13,-368.60,-341.00,27.60,0.9200,50.0,100
episode,47,,14,-354.40,-324.40,30.00,1.0000,46.0,100
episode,47,,15,-331.90,-306.19,25.71,0.8571,42.0,100
episode,47,,16,-287.00,-259.50,27.50,0.9167,36.0,100
episode,47,,17,-385.70,-360.70,25.00,0.8333,36.0,100
episode,47,,18,-343.10,-315.47,27.63,0.9211,38.0,100
episode,47,,19,-310.00,-285.00,25.00,0.8333,42.0,100
episode,47,,20,-326.30,-296.90,29.40,0.9800,50.0,100
episode,47,,21,-320.80,-293.53,27.27,0.9091,44.0,100
episode,47,,22,-383.40,-355.83,27.57,0.9189,37.0,100
episode,47,,23,-338.40,-310.31,28.09,0.9362,47.0,100
episode,47,,24,-366.50,-338.55,27.95,0.9318,44.0,100
summary,,1175,,-331.69,-304.38,27.31,0.9103,43.04,
episode,48,,0,-363.80,-335.80,28.00,0.9333,45.0,100
episode,48,,1,-307.20,-282.20,25.00,0.8333,36.0,100
episode,48,,2,-287.30,-258.60,28.70,0.9565,46.0,100
episode,48,,3,-397.00,-369.81,27.19,0.9062,32.0,100
episode,48,,4,-353.50,-324.23,29.27,0.9756,41.0,100
episode,48,,5,-318.90,-294.28,24.62,0.8205,39.0,100
episode,48,,6,-359.10,-329.83,29.27,0.9756,41.0,100
episode,48,,7,-336.50,-307.80,28.70,0.9565,46.0,100
episode,48,,8,-382.80,-356.85,25.95,0.8649,37.0,100
episode,48,,9,-339.00,-309.00,30.00,1.0000,43.0,100
episode,48,,10,-314.60,-285.35,29.25,0.9750,40.0,100
episode,48,,11,-248.90,-221.90,27.00,0.9000,50.0,100
episode,48,,12,-308.10,-289.08,19.02,0.6341,41.0,100
episode,48,,13,-290.80,-261.40,29.40,0.9800,50.0,100
episode,48,,14,-363.00,-336.08,26.92,0.8974,39.0,100
episode,48,,15,-309.90,-281.20,28.70,0.9565,46.0,100
episode,48,,16,-323.10,-293.68,29.42,0.9808,52.0,100
episode,48,,17,-385.40,-358.56,26.84,0.8947,38.0,100
episode,48,,18,-341.50,-321.07,20.43,0.6809,47.0,100
episode,48,,19,-324.00,-300.35,23.65,0.7885,52.0,100
episode,48,,20,-319.00,-289.00,30.00,1.0000,34.0,100
episode,48,,21,-270.70,-243.48,27.22,0.9074,54.0,100
episode,48,,22,-318.90,-295.22,23.68,0.7895,38.0,100
episode,48,,23,-327.20,-299.00,28.20,0.9400,50.0,100
episode,48,,24,-366.80,-342.48,24.32,0.8108,37.0,100
summary,,1200,,-330.28,-303.45,26.83,0.8943,42.96,
episode,49,,0,-404.60,-377.39,27.21,0.9070,43.0,100
episode,49,,1,-352.50,-323.29,29.21,0.9737,38.0,100
episode,49,,2,-309.00,-281.94,27.06,0.9020,51.0,100
episode,49,,3,-331.00,-302.94,28.06,0.9355,31.0,100
episode,49,,4,-362.70,-334.28,28.42,0.9474,38.0,100
episode,49,,5,-357.30,-329.30,28.00,0.9333,45.0,100
episode,49,,6,-307.30,-280.18,27.12,0.9038,52.0,100
episode,49,,7,-345.80,-321.05,24.75,0.8250,40.0,100
episode,49,,8,-314.40,-287.13,27.27,0.9091,33.0,100
episode,49,,9,-343.50,-314.15,29.35,0.9783,46.0,100
episode,49,,10,-339.10,-309.83,29.27,0.9756,41.0,100
episode,49,,11,-361.10,-331.77,29.33,0.9778,45.0,100
episode,49,,12,-306.20,-279.77,26.43,0.8810,42.0,100
episode,49,,13,-297.40,-271.57,25.83,0.8611,36.0,100
episode,49,,14,-317.10,-304.94,12.16,0.4054,37.0,100
episode,49,,15,-310.40,-285.07,25.33,0.8444,45.0,100
episode,49,,16,-368.00,-343.40,24.60,0.8200,50.0,100
episode,49,,17,-345.30,-315.30,30.00,1.0000,35.0,100
episode,49,,18,-343.80,-316.53,27.27,0.9091,44.0,100
episode,49,,19,-344.00,-320.14,23.86,0.7955,44.0,100
episode,49,,20,-346.70,-318.84,27.86,0.9286,42.0,100
episode,49,,21,-342.70,-317.47,25.23,0.8409,44.0,100
episode,49,,22,-280.90,-250.90,30.00,1.0000,45.0,100
episode,49,,23,-331.60,-304.93,26.67,0.8889,45.0,100
episode,49,,24,-355.30,-326.03,29.27,0.9756,41.0,100
summary,,1225,,-336.71,-309.93,26.78,0.8928,42.12,
episode,50,,0,-359.20,-331.16,28.04,0.9348,46.0,100
episode,50,,1,-313.10,-284.64,28.46,0.9487,39.0,100
episode,50,,2,-272.80,-244.05,28.75,0.9583,48.0,100
episode,50,,3,-261.00,-234.00,27.00,0.9000,30.0,100
episode,50,,4,-347.50,-319.41,28.09,0.9362,47.0,100
episode,50,,5,-335.70,-306.67,29.03,0.9677,31.0,100
episode,50,,6,-338.40,-309.83,28.57,0.9524,42.0,100
episode,50,,7,-333.10,-303.10,30.00,1.0000,48.0,100
episode,50,,8,-354.40,-325.62,28.78,0.9592,49.0,100
episode,50,,9,-270.10,-242.77,27.33,0.9111,45.0,100
episode,50,,10,-336.00,-310.29,25.71,0.8571,42.0,100
episode,50,,11,-317.70,-289.06,28.64,0.9545,44.0,100
episode,50,,12,-243.70,-216.07,27.63,0.9211,38.0,100
episode,50,,13,-390.40,-361.55,28.85,0.9615,52.0,100
episode,50,,14,-319.80,-289.80,30.00,1.0000,45.0,100
episode,50,,15,-302.90,-275.15,27.75,0.9250,40.0,100
episode,50,,16,-373.80,-347.80,26.00,0.8667,45.0,100
episode,50,,17,-311.80,-285.46,26.34,0.8780,41.0,100
episode,50,,18,-350.50,-322.11,28.39,0.9464,56.0,100
episode,50,,19,-332.00,-303.13,28.87,0.9623,53.0,100
episode,50,,20,-337.90,-307.90,30.00,1.0000,46.0,100
episode,50,,21,-302.50,-274.41,28.09,0.9362,47.0,100
episode,50,,22,-339.00,-310.50,28.50,0.9500,40.0,100
episode,50,,23,-308.20,-280.51,27.69,0.9231,39.0,100
episode,50,,24,-301.90,-278.18,23.72,0.7907,43.0,100
summary,,1250,,-322.14,-294.13,28.01,0.9336,43.84,
episode,51,,0,-332.50,-304.21,28.29,0.9429,35.0,100
episode,51,,1,-322.20,-293.11,29.09,0.9697,33.0,100
episode,51,,2,-365.60,-340.10,25.50,0.8500,40.0,100
episode,51,,3,-322.00,-296.05,25.95,0.8649,37.0,100
episode,51,,4,-340.80,-314.04,26.76,0.8919,37.0,100
episode,51,,5,-380.10,-357.30,22.80,0.7600,50.0,100
episode,51,,6,-375.00,-348.06,26.94,0.8980,49.0,100
episode,51,,7,-297.10,-269.60,27.50,0.9167,36.0,100
episode,51,,8,-254.40,-228.25,26.15,0.8718,39.0,100
episode,51,,9,-221.90,-192.52,29.38,0.9792,48.0,100
episode,51,,10,-358.80,-329.53,29.27,0.9756,41.0,100
episode,51,,11,-388.70,-359.40,29.30,0.9767,43.0,100
episode,51,,12,-228.40,-201.48,26.92,0.8974,39.0,100
episode,51,,13,-334.30,-306.30,28.00,0.9333,45.0,100
episode,51,,14,-278.80,-251.88,26.92,0.8974,39.0,100
episode,51,,15,-333.90,-306.83,27.07,0.9024,41.0,100
episode,51,,16,-326.00,-297.43,28.57,0.9524,42.0,100
episode,51,,17,-352.00,-332.26,19.74,0.6579,38.0,100
episode,51,,18,-330.60,-306.60,24.00,0.8000,30.0,100
episode,51,,19,-332.00,-304.61,27.39,0.9130,46.0,100
episode,51,,20,-348.60,-322.89,25.71,0.8571,28.0,100
episode,51,,21,-299.00,-270.76,28.24,0.9412,34.0,100
episode,51,,22,-325.30,-296.80,28.50,0.9500,40.0,100
episode,51,,23,-324.40,-297.40,27.00,0.9000,40.0,100
episode,51,,24,-320.40,-292.36,28.04,0.9348,46.0,100
summary,,1275,,-323.71,-296.79,26.92,0.8974,39.84,
episode,52,,0,-382.00,-352.86,29.14,0.9714,35.0,100
episode,52,,1,-311.60,-287.43,24.17,0.8056,36.0,100
episode,52,,2,-340.00,-312.14,27.86,0.9286,28.0,100
episode,52,,3,-359.00,-334.81,24.19,0.8065,31.0,100
episode,52,,4,-325.70,-300.95,24.75,0.8250,40.0,100
episode,52,,5,-378.30,-349.18,29.12,0.9706,34.0,100
episode,52,,6,-353.70,-326.49,27.21,0.9070,43.0,100
episode,52,,7,-324.00,-315.43,8.57,0.2857,28.0,100
episode,52,,8,-384.10,-359.39,24.71,0.8235,34.0,100
episode,52,,9,-336.80,-315.13,21.67,0.7222,36.0,100
episode,52,,10,-336.60,-314.54,22.06,0.7353,34.0,100
episode,52,,11,-310.40,-285.85,24.55,0.8182,22.0,100
episode,52,,12,-286.50,-259.93,26.57,0.8857,35.0,100
episode,52,,13,-322.40,-293.94,28.46,0.9487,39.0,100
episode,52,,14,-315.50,-297.91,17.59,0.5862,29.0,100
episode,52,,15,-370.20,-344.49,25.71,0.8571,35.0,100
episode,52,,16,-338.00,-309.94,28.06,0.9355,31.0,100
episode,52,,17,-340.20,-321.74,18.46,0.6154,39.0,100
episode,52,,18,-334.90,-309.90,25.00,0.8333,42.0,100
episode,52,,19,-317.00,-289.07,27.93,0.9310,29.0,100
episode,52,,20,-336.50,-309.96,26.54,0.8846,26.0,100
episode,52,,21,-308.40,-284.08,24.32,0.8108,37.0,100
episode,52,,22,-310.30,-283.20,27.10,0.9032,31.0,100
episode,52,,23,-244.30,-220.04,24.26,0.8085,47.0,100
episode,52,,24,-390.40,-366.55,23.85,0.7949,39.0,100
summary,,1300,,-334.27,-309.80,24.47,0.8158,34.40,
episode,53,,0,-319.90,-295.04,24.86,0.8286,35.0,100
episode,53,,1,-278.60,-252.77,25.83,0.8611,36.0,100
episode,53,,2,-324.30,-296.35,27.95,0.9318,44.0,100
episode,53,,3,-307.00,-289.00,18.00,0.6000,25.0,100
episode,53,,4,-336.30,-309.38,26.92,0.8974,39.0,100
episode,53,,5,-321.60,-294.84,26.76,0.8919,37.0,100
episode,53,,6,-339.90,-326.40,13.50,0.4500,40.0,100
episode,53,,7,-362.00,-337.81,24.19,0.8065,31.0,100
episode,53,,8,-368.10,-340.89,27.21,0.9070,43.0,100
episode,53,,9,-350.80,-323.73,27.07,0.9024,41.0,100
episode,53,,10,-299.50,-271.81,27.69,0.9231,39.0,100
episode,53,,11,-378.30,-354.48,23.82,0.7941,34.0,100
episode,53,,12,-323.30,-296.20,27.10,0.9032,31.0,100
episode,53,,13,-359.20,-330.63,28.57,0.9524,42.0,100
episode,53,,14,-428.00,-408.34,19.66,0.6552,29.0,100
episode,53,,15,-390.00,-362.79,27.21,0.9070,43.0,100
episode,53,,16,-417.00,-389.81,27.19,0.9062,32.0,100
episode,53,,17,-393.00,-363.00,30.00,1.0000,38.0,100
episode,53,,18,-316.60,-293.16,23.44,0.7812,32.0,100
episode,53,,19,-340.00,-312.93,27.07,0.9024,41.0,100
episode,53,,20,-332.00,-314.00,18.00,0.6000,25.0,100
episode,53,,21,-277.00,-249.61,27.39,0.9130,46.0,100
episode,53,,22,-245.00,-221.00,24.00,0.8000,35.0,100
episode,53,,23,-333.60,-305.22,28.38,0.9459,37.0,100
episode,53,,24,-334.90,-305.69,29.21,0.9737,38.0,100
summary,,1325,,-339.04,-313.79,25.24,0.8414,36.52,
episode,54,,0,-387.80,-371.73,16.07,0.5357,28.0,100
episode,54,,1,-307.80,-284.47,23.33,0.7778,27.0,100
episode,54,,2,-351.00,-328.30,22.70,0.7568,37.0,100
episode,54,,3,-331.00,-302.71,28.29,0.9429,35.0,100
episode,54,,4,-294.10,-267.56,26.54,0.8846,26.0,100
episode,54,,5,-368.00,-343.29,24.71,0.8235,34.0,100
episode,54,,6,-373.40,-348.69,24.71,0.8235,34.0,100
episode,54,,7,-345.00,-329.35,15.65,0.5217,23.0,100
episode,54,,8,-298.90,-271.47,27.43,0.9143,35.0,100
episode,54,,9,-386.90,-361.29,25.61,0.8537,41.0,100
episode,54,,10,-286.60,-258.67,27.93,0.9310,29.0,100
episode,54,,11,-371.30,-344.73,26.57,0.8857,35.0,100
episode,54,,12,-296.80,-271.80,25.00,0.8333,24.0,100
episode,54,,13,-294.90,-272.59,22.31,0.7436,39.0,100
episode,54,,14,-362.90,-339.15,23.75,0.7917,24.0,100
episode,54,,15,-341.70,-315.99,25.71,0.8571,28.0,100
episode,54,,16,-344.60,-327.60,17.00,0.5667,30.0,100
episode,54,,17,-226.30,-207.68,18.62,0.6207,29.0,100
episode,54,,18,-309.10,-283.65,25.45,0.8485,33.0,100
episode,54,,19,-311.00,-287.56,23.44,0.7812,32.0,100
episode,54,,20,-324.70,-305.61,19.09,0.6364,33.0,100
episode,54,,21,-224.00,-202.71,21.29,0.7097,31.0,100
episode,54,,22,-257.50,-232.07,25.43,0.8478,46.0,100
episode,54,,23,-340.10,-313.85,26.25,0.8750,40.0,100
episode,54,,24,-383.70,-361.20,22.50,0.7500,20.0,100
summary,,1350,,-324.76,-301.35,23.42,0.7805,31.72,
episode,55,,0,-333.00,-315.50,17.50,0.5833,24.0,100
episode,55,,1,-335.40,-318.13,17.27,0.5758,33.0,100
episode,55,,2,-344.00,-319.77,24.23,0.8077,26.0,100
episode,55,,3,-307.00,-283.77,23.23,0.7742,31.0,100
episode,55,,4,-324.60,-302.93,21.67,0.7222,36.0,100
episode,55,,5,-296.00,-273.11,22.89,0.7632,38.0,100
episode,55,,6,-346.80,-318.00,28.80,0.9600,25.0,100
episode,55,,7,-342.90,-314.15,28.75,0.9583,24.0,100
episode,55,,8,-340.00,-312.22,27.78,0.9259,27.0,100
episode,55,,9,-336.90,-310.31,26.59,0.8864,44.0,100
episode,55,,10,-397.40,-368.31,29.09,0.9697,33.0,100
episode,55,,11,-330.60,-305.01,25.59,0.8529,34.0,100
episode,55,,12,-348.90,-337.65,11.25,0.3750,32.0,100
episode,55,,13,-315.60,-295.31,20.29,0.6765,34.0,100
episode,55,,14,-348.60,-326.31,22.29,0.7429,35.0,100
episode,55,,15,-393.70,-379.70,14.00,0.4667,30.0,100
episode,55,,16,-326.20,-298.75,27.45,0.9149,47.0,100
episode,55,,17,-309.70,-285.55,24.15,0.8049,41.0,100
episode,55,,18,-335.70,-319.45,16.25,0.5417,48.0,100
episode,55,,19,-302.00,-283.82,18.18,0.6061,33.0,100
episode,55,,20,-340.10,-314.05,26.05,0.8684,38.0,100
episode,55,,21,-228.30,-200.73,27.57,0.9189,37.0,100
episode,55,,22,-214.40,-186.02,28.38,0.9459,37.0,100
episode,55,,23,-316.70,-289.63,27.07,0.9024,41.0,100
episode,55,,24,-332.10,-307.78,24.32,0.8108,37.0,100
summary,,1375,,-325.86,-302.64,23.23,0.7742,34.60,
episode,56,,0,-349.70,-321.52,28.18,0.9394,33.0,100
episode,56,,1,-295.70,-267.58,28.12,0.9375,32.0,100
episode,56,,2,-351.00,-323.40,27.60,0.9200,25.0,100
episode,56,,3,-323.00,-294.36,28.64,0.9545,22.0,100
episode,56,,4,-328.20,-307.37,20.83,0.6944,36.0,100
episode,56,,5,-330.80,-308.51,22.29,0.7429,35.0,100
episode,56,,6,-245.20,-228.95,16.25,0.5417,24.0,100
episode,56,,7,-338.50,-311.66,26.84,0.8947,19.0,100
episode,56,,8,-305.30,-280.30,25.00,0.8333,24.0,100
episode,56,,9,-339.30,-319.53,19.77,0.6591,44.0,100
episode,56,,10,-311.80,-291.48,20.32,0.6774,31.0,100
episode,56,,11,-335.00,-309.50,25.50,0.8500,20.0,100
episode,56,,12,-336.10,-308.24,27.86,0.9286,28.0,100
episode,56,,13,-306.80,-280.13,26.67,0.8889,36.0,100
episode,56,,14,-362.80,-340.04,22.76,0.7586,29.0,100
episode,56,,15,-350.40,-333.60,16.80,0.5600,25.0,100
episode,56,,16,-403.00,-375.73,27.27,0.9091,44.0,100
episode,56,,17,-309.60,-282.33,27.27,0.9091,33.0,100
episode,56,,18,-360.30,-331.84,28.46,0.9487,39.0,100
episode,56,,19,-311.00,-291.71,19.29,0.6429,28.0,100
episode,56,,20,-326.20,-320.84,5.36,0.1786,28.0,100
episode,56,,21,-278.00,-252.69,25.31,0.8438,32.0,100
episode,56,,22,-207.00,-177.00,30.00,1.0000,34.0,100
episode,56,,23,-330.80,-321.49,9.31,0.3103,29.0,100
episode,56,,24,-249.60,-239.60,10.00,0.3333,30.0,100
summary,,1400,,-319.40,-296.78,22.63,0.7543,30.40,
episode,57,,0,-346.00,-321.36,24.64,0.8214,28.0,100
episode,57,,1,-310.70,-286.33,24.38,0.8125,32.0,100
episode,57,,2,-306.00,-279.60,26.40,0.8800,25.0,100
episode,57,,3,-333.00,-308.77,24.23,0.8077,26.0,100
episode,57,,4,-344.20,-317.53,26.67,0.8889,36.0,100
episode,57,,5,-335.10,-321.97,13.12,0.4375,32.0,100
episode,57,,6,-282.90,-260.10,22.80,0.7600,25.0,100
episode,57,,7,-255.80,-248.66,7.14,0.2381,21.0,100
episode,57,,8,-319.50,-292.40,27.10,0.9032,31.0,100
episode,57,,9,-376.40,-347.73,28.67,0.9556,45.0,100
episode,57,,10,-342.70,-331.45,11.25,0.3750,24.0,100
episode,57,,11,-234.20,-206.93,27.27,0.9091,22.0,100
episode,57,,12,-332.20,-303.27,28.93,0.9643,28.0,100
episode,57,,13,-351.60,-325.17,26.43,0.8810,42.0,100
episode,57,,14,-370.00,-341.71,28.29,0.9429,35.0,100
episode,57,,15,-288.60,-260.97,27.63,0.9211,38.0,100
episode,57,,16,-347.00,-324.94,22.06,0.7353,34.0,100
episode,57,,17,-321.00,-296.22,24.78,0.8261,23.0,100
episode,57,,18,-304.40,-286.01,18.39,0.6129,31.0,100
episode,57,,19,-344.00,-315.88,28.12,0.9375,32.0,100
episode,57,,20,-359.50,-336.56,22.94,0.7647,17.0,100
episode,57,,21,-328.10,-299.04,29.06,0.9688,32.0,100
episode,57,,22,-288.40,-261.73,26.67,0.8889,36.0,100
episode,57,,23,-316.70,-289.63,27.07,0.9024,41.0,100
episode,57,,24,-281.90,-252.78,29.12,0.9706,34.0,100
summary,,1425,,-320.80,-296.67,24.13,0.8042,30.80,
episode,58,,0,-281.00,-252.25,28.75,0.9583,24.0,100
episode,58,,1,-262.30,-257.30,5.00,0.1667,24.0,100
episode,58,,2,-352.00,-324.09,27.91,0.9302,43.0,100
episode,58,,3,-319.00,-293.00,26.00,0.8667,30.0,100
episode,58,,4,-326.90,-301.90,25.00,0.8333,36.0,100
episode,58,,5,-353.80,-326.53,27.27,0.9091,33.0,100
episode,58,,6,-331.00,-307.52,23.48,0.7826,23.0,100
episode,58,,7,-235.50,-232.64,2.86,0.0952,21.0,100
episode,58,,8,-417.30,-392.86,24.44,0.8148,27.0,100
episode,58,,9,-336.70,-311.82,24.88,0.8293,41.0,100
episode,58,,10,-331.80,-305.94,25.86,0.8621,29.0,100
episode,58,,11,-379.60,-356.03,23.57,0.7857,28.0,100
episode,58,,12,-296.60,-272.85,23.75,0.7917,24.0,100
episode,58,,13,-309.80,-284.57,25.23,0.8409,44.0,100
episode,58,,14,-334.00,-306.57,27.43,0.9143,35.0,100
episode,58,,15,-259.40,-233.40,26.00,0.8667,30.0,100
episode,58,,16,-316.00,-294.05,21.95,0.7317,41.0,100
episode,58,,17,-345.00,-317.73,27.27,0.9091,22.0,100
episode,58,,18,-340.60,-314.89,25.71,0.8571,35.0,100
episode,58,,19,-310.00,-290.71,19.29,0.6429,28.0,100
episode,58,,20,-340.50,-314.79,25.71,0.8571,35.0,100
episode,58,,21,-230.00,-205.36,24.64,0.8214,28.0,100
episode,58,,22,-373.00,-345.20,27.80,0.9268,41.0,100
episode,58,,23,-324.30,-295.88,28.42,0.9474,38.0,100
episode,58,,24,-319.40,-293.95,25.45,0.8485,33.0,100
summary,,1450,,-321.02,-297.27,23.75,0.7916,31.72,
episode,59,,0,-312.30,-304.52,7.78,0.2593,27.0,100
episode,59,,1,-274.40,-251.32,23.08,0.7692,26.0,100
episode,59,,2,-330.30,-313.94,16.36,0.5455,22.0,100
episode,59,,3,-287.00,-287.00,0.00,0.0000,23.0,100
episode,59,,4,-329.40,-305.17,24.23,0.8077,26.0,100
episode,59,,5,-225.60,-198.41,27.19,0.9062,32.0,100
episode,59,,6,-341.40,-319.18,22.22,0.7407,27.0,100
episode,59,,7,-332.90,-306.54,26.36,0.8788,33.0,100
episode,59,,8,-382.10,-358.25,23.85,0.7949,39.0,100
episode,59,,9,-360.10,-334.39,25.71,0.8571,35.0,100
episode,59,,10,-364.00,-339.77,24.23,0.8077,26.0,100
episode,59,,11,-421.30,-393.55,27.75,0.9250,40.0,100
episode,59,,12,-296.40,-270.04,26.36,0.8788,33.0,100
episode,59,,13,-272.40,-244.97,27.43,0.9143,35.0,100
episode,59,,14,-350.00,-321.96,28.04,0.9348,46.0,100
episode,59,,15,-289.90,-263.00,26.90,0.8966,29.0,100
episode,59,,16,-334.60,-317.60,17.00,0.5667,30.0,100
episode,59,,17,-328.00,-319.00,9.00,0.3000,20.0,100
episode,59,,18,-349.70,-327.56,22.14,0.7381,42.0,100
episode,59,,19,-350.00,-323.75,26.25,0.8750,32.0,100
episode,59,,20,-279.00,-249.97,29.03,0.9677,31.0,100
episode,59,,21,-335.20,-306.87,28.33,0.9444,36.0,100
episode,59,,22,-391.30,-367.30,24.00,0.8000,30.0,100
episode,59,,23,-347.30,-318.09,29.21,0.9737,38.0,100
episode,59,,24,-284.60,-273.95,10.65,0.3548,31.0,100
summary,,1475,,-326.77,-304.64,22.12,0.7375,31.56,
episode,60,,0,-375.60,-346.90,28.70,0.9565,23.0,100
episode,60,,1,-336.70,-315.52,21.18,0.7059,34.0,100
episode,60,,2,-348.10,-321.43,26.67,0.8889,27.0,100
episode,60,,3,-362.00,-348.07,13.93,0.4643,28.0,100
episode,60,,4,-381.00,-360.57,20.43,0.6809,47.0,100
episode,60,,5,-285.30,-261.30,24.00,0.8000,40.0,100
episode,60,,6,-354.90,-329.19,25.71,0.8571,28.0,100
episode,60,,7,-381.10,-355.79,25.31,0.8438,32.0,100
episode,60,,8,-352.60,-326.13,26.47,0.8824,34.0,100
episode,60,,9,-345.00,-321.86,23.14,0.7714,35.0,100
episode,60,,10,-344.80,-335.57,9.23,0.3077,26.0,100
episode,60,,11,-300.50,-271.27,29.23,0.9744,39.0,100
episode,60,,12,-348.50,-323.34,25.16,0.8387,31.0,100
episode,60,,13,-317.10,-287.10,30.00,1.0000,39.0,100
episode,60,,14,-346.00,-320.84,25.16,0.8387,31.0,100
episode,60,,15,-370.90,-353.12,17.78,0.5926,27.0,100
episode,60,,16,-390.00,-366.28,23.72,0.7907,43.0,100
episode,60,,17,-342.00,-314.73,27.27,0.9091,33.0,100
episode,60,,18,-302.80,-274.05,28.75,0.9583,24.0,100
episode,60,,19,-324.00,-304.00,20.00,0.6667,27.0,100
episode,60,,20,-347.30,-320.11,27.19,0.9062,32.0,100
episode,60,,21,-362.20,-340.53,21.67,0.7222,36.0,100
episode,60,,22,-342.90,-317.74,25.16,0.8387,31.0,100
episode,60,,23,-325.80,-300.21,25.59,0.8529,34.0,100
episode,60,,24,-346.20,-322.35,23.85,0.7949,39.0,100
summary,,1500,,-345.33,-321.52,23.81,0.7937,32.80,
episode,61,,0,-299.80,-276.23,23.57,0.7857,28.0,100
episode,61,,1,-272.00,-251.00,21.00,0.7000,30.0,100
episode,61,,2,-354.00,-333.31,20.69,0.6897,29.0,100
episode,61,,3,-365.00,-346.25,18.75,0.6250,24.0,100
episode,61,,4,-340.60,-310.60,30.00,1.0000,33.0,100
episode,61,,5,-276.40,-247.40,29.00,0.9667,30.0,100
episode,61,,6,-412.90,-384.78,28.12,0.9375,32.0,100
episode,61,,7,-437.00,-413.92,23.08,0.7692,26.0,100
episode,61,,8,-342.80,-318.05,24.75,0.8250,40.0,100
episode,61,,9,-327.00,-300.33,26.67,0.8889,27.0,100
episode,61,,10,-332.40,-310.68,21.72,0.7241,29.0,100
episode,61,,11,-316.90,-293.96,22.94,0.7647,34.0,100
episode,61,,12,-337.10,-315.10,22.00,0.7333,30.0,100
episode,61,,13,-317.90,-301.96,15.94,0.5312,32.0,100
episode,61,,14,-301.00,-271.00,30.00,1.0000,29.0,100
episode,61,,15,-327.10,-300.56,26.54,0.8846,26.0,100
episode,61,,16,-362.00,-334.86,27.14,0.9048,42.0,100
episode,61,,17,-343.00,-321.71,21.29,0.7097,31.0,100
episode,61,,18,-265.70,-249.45,16.25,0.5417,24.0,100
episode,61,,19,-358.00,-347.57,10.43,0.3478,23.0,100
episode,61,,20,-386.90,-358.30,28.60,0.9535,43.0,100
episode,61,,21,-343.30,-316.76,26.54,0.8846,26.0,100
episode,61,,22,-334.00,-314.00,20.00,0.6667,27.0,100
episode,61,,23,-296.60,-267.93,28.67,0.9556,45.0,100
episode,61,,24,-350.70,-327.22,23.48,0.7826,23.0,100
summary,,1525,,-336.00,-312.52,23.49,0.7829,30.52,
episode,62,,0,-310.50,-280.50,30.00,1.0000,28.0,100
episode,62,,1,-362.50,-341.18,21.32,0.7105,38.0,100
episode,62,,2,-333.80,-305.05,28.75,0.9583,24.0,100
episode,62,,3,-343.00,-320.20,22.80,0.7600,25.0,100
episode,62,,4,-371.20,-342.27,28.93,0.9643,28.0,100
episode,62,,5,-357.40,-331.04,26.36,0.8788,33.0,100
episode,62,,6,-330.60,-311.60,19.00,0.6333,30.0,100
episode,62,,7,-390.00,-369.60,20.40,0.6800,25.0,100
episode,62,,8,-331.60,-308.03,23.57,0.7857,28.0,100
episode,62,,9,-342.00,-322.23,19.77,0.6591,44.0,100
episode,62,,10,-320.00,-295.56,24.44,0.8148,27.0,100
episode,62,,11,-318.00,-301.55,16.45,0.5484,31.0,100
episode,62,,12,-239.70,-213.99,25.71,0.8571,35.0,100
episode,62,,13,-330.60,-308.88,21.72,0.7241,29.0,100
episode,62,,14,-332.90,-308.90,24.00,0.8000,25.0,100
episode,62,,15,-309.60,-283.89,25.71,0.8571,35.0,100
episode,62,,16,-379.40,-355.65,23.75,0.7917,24.0,100
episode,62,,17,-357.00,-334.78,22.22,0.7407,27.0,100
episode,62,,18,-289.90,-267.40,22.50,0.7500,36.0,100
episode,62,,19,-327.00,-313.36,13.64,0.4545,22.0,100
episode,62,,20,-359.00,-345.87,13.12,0.4375,32.0,100
episode,62,,21,-338.00,-311.00,27.00,0.9000,30.0,100
episode,62,,22,-325.00,-303.89,21.11,0.7037,27.0,100
episode,62,,23,-341.20,-315.20,26.00,0.8667,45.0,100
episode,62,,24,-302.10,-274.71,27.39,0.9130,23.0,100
summary,,1550,,-333.68,-310.65,23.03,0.7676,30.04,
episode,63,,0,-345.90,-344.54,1.36,0.0455,22.0,100
episode,63,,1,-310.10,-285.32,24.78,0.8261,23.0,100
episode,63,,2,-380.90,-358.40,22.50,0.7500,24.0,100
episode,63,,3,-313.00,-291.57,21.43,0.7143,14.0,100
episode,63,,4,-334.30,-311.07,23.23,0.7742,31.0,100
episode,63,,5,-326.60,-307.85,18.75,0.6250,24.0,100
episode,63,,6,-334.00,-309.71,24.29,0.8095,21.0,100
episode,63,,7,-412.00,-405.33,6.67,0.2222,18.0,100
episode,63,,8,-376.00,-362.36,13.64,0.4545,22.0,100
episode,63,,9,-344.20,-315.40,28.80,0.9600,25.0,100
episode,63,,10,-240.70,-230.70,10.00,0.3333,21.0,100
episode,63,,11,-345.50,-316.50,29.00,0.9667,30.0,100
episode,63,,12,-265.40,-236.51,28.89,0.9630,27.0,100
episode,63,,13,-270.30,-243.30,27.00,0.9000,30.0,100
episode,63,,14,-368.70,-341.91,26.79,0.8929,28.0,100
episode,63,,15,-358.90,-332.00,26.90,0.8966,29.0,100
episode,63,,16,-344.00,-319.00,25.00,0.8333,24.0,100
episode,63,,17,-423.20,-406.53,16.67,0.5556,18.0,100
episode,63,,18,-368.20,-341.20,27.00,0.9000,20.0,100
episode,63,,19,-341.00,-315.69,25.31,0.8438,32.0,100
episode,63,,20,-340.20,-329.89,10.31,0.3438,32.0,100
episode,63,,21,-355.40,-328.26,27.14,0.9048,21.0,100
episode,63,,22,-355.40,-328.73,26.67,0.8889,36.0,100
episode,63,,23,-323.90,-300.65,23.25,0.7750,40.0,100
episode,63,,24,-331.70,-305.84,25.86,0.8621,29.0,100
summary,,1575,,-340.38,-318.73,21.65,0.7216,25.64,
episode,64,,0,-390.20,-361.70,28.50,0.9500,20.0,100
episode,64,,1,-290.50,-274.35,16.15,0.5385,26.0,100
episode,64,,2,-400.00,-387.37,12.63,0.4211,19.0,100
episode,64,,3,-353.00,-332.23,20.77,0.6923,26.0,100
episode,64,,4,-353.90,-326.12,27.78,0.9259,27.0,100
episode,64,,5,-319.70,-295.70,24.00,0.8000,20.0,100
episode,64,,6,-389.00,-361.14,27.86,0.9286,14.0,100
episode,64,,7,-358.00,-340.50,17.50,0.5833,24.0,100
episode,64,,8,-342.90,-319.57,23.33,0.7778,27.0,100
episode,64,,9,-325.00,-297.00,28.00,0.9333,30.0,100
episode,64,,10,-367.60,-344.60,23.00,0.7667,30.0,100
episode,64,,11,-317.00,-293.25,23.75,0.7917,24.0,100
episode,64,,12,-370.90,-347.08,23.82,0.7941,34.0,100
episode,64,,13,-287.30,-267.64,19.66,0.6552,29.0,100
episode,64,,14,-361.40,-335.54,25.86,0.8621,29.0,100
episode,64,,15,-372.30,-347.30,25.00,0.8333,24.0,100
episode,64,,16,-333.80,-307.40,26.40,0.8800,25.0,100
episode,64,,17,-351.00,-336.60,14.40,0.4800,25.0,100
episode,64,,18,-310.40,-282.16,28.24,0.9412,17.0,100
episode,64,,19,-316.00,-289.91,26.09,0.8696,23.0,100
episode,64,,20,-388.80,-374.95,13.85,0.4615,26.0,100
episode,64,,21,-359.70,-331.70,28.00,0.9333,30.0,100
episode,64,,22,-331.00,-319.00,12.00,0.4000,25.0,100
episode,64,,23,-333.30,-310.80,22.50,0.7500,28.0,100
episode,64,,24,-337.60,-323.48,14.12,0.4706,17.0,100
summary,,1600,,-346.41,-324.28,22.13,0.7376,24.76,
episode,65,,0,-340.00,-324.12,15.88,0.5294,17.0,100
episode,65,,1,-348.40,-334.11,14.29,0.4762,21.0,100
episode,65,,2,-329.00,-302.87,26.13,0.8710,31.0,100
episode,65,,3,-352.00,-352.00,0.00,0.0000,20.0,100
episode,65,,4,-395.20,-373.28,21.92,0.7308,26.0,100
episode,65,,5,-334.40,-312.34,22.06,0.7353,34.0,100
episode,65,,6,-352.00,-323.25,28.75,0.9583,24.0,100
episode,65,,7,-362.70,-336.99,25.71,0.8571,21.0,100
episode,65,,8,-306.80,-290.00,16.80,0.5600,25.0,100
episode,65,,9,-367.10,-348.01,19.09,0.6364,22.0,100
episode,65,,10,-336.40,-331.66,4.74,0.1579,19.0,100
episode,65,,11,-302.20,-281.09,21.11,0.7037,27.0,100
episode,65,,12,-325.90,-303.40,22.50,0.7500,16.0,100
episode,65,,13,-403.00,-376.46,26.54,0.8846,26.0,100
episode,65,,14,-323.60,-294.51,29.09,0.9697,33.0,100
episode,65,,15,-332.30,-307.30,25.00,0.8333,24.0,100
episode,65,,16,-357.10,-329.17,27.93,0.9310,29.0,100
episode,65,,17,-321.10,-299.50,21.60,0.7200,25.0,100
episode,65,,18,-332.50,-302.50,30.00,1.0000,28.0,100
episode,65,,19,-349.00,-335.67,13.33,0.4444,18.0,100
episode,65,,20,-300.80,-282.59,18.21,0.6071,28.0,100
episode,65,,21,-326.60,-304.78,21.82,0.7273,22.0,100
episode,65,,22,-352.00,-324.14,27.86,0.9286,28.0,100
episode,65,,23,-317.30,-295.58,21.72,0.7241,29.0,100
episode,65,,24,-385.60,-364.83,20.77,0.6923,26.0,100
summary,,1625,,-342.12,-321.21,20.91,0.6971,24.76,
episode,66,,0,-402.00,-380.75,21.25,0.7083,24.0,100
episode,66,,1,-324.10,-298.10,26.00,0.8667,30.0,100
episode,66,,2,-328.00,-321.08,6.92,0.2308,13.0,100
episode,66,,3,-253.00,-235.86,17.14,0.5714,14.0,100
episode,66,,4,-355.80,-327.30,28.50,0.9500,20.0,100
episode,66,,5,-331.70,-318.66,13.04,0.4348,23.0,100
episode,66,,6,-348.20,-323.20,25.00,0.8333,18.0,100
episode,66,,7,-363.00,-358.00,5.00,0.1667,18.0,100
episode,66,,8,-363.00,-338.77,24.23,0.8077,26.0,100
episode,66,,9,-376.40,-356.40,20.00,0.6667,27.0,100
episode,66,,10,-413.00,-389.82,23.18,0.7727,22.0,100
episode,66,,11,-347.50,-334.30,13.20,0.4400,25.0,100
episode,66,,12,-358.60,-333.60,25.00,0.8333,30.0,100
episode,66,,13,-323.50,-303.79,19.71,0.6571,35.0,100
episode,66,,14,-356.80,-330.40,26.40,0.8800,25.0,100
episode,66,,15,-386.90,-366.13,20.77,0.6923,26.0,100
episode,66,,16,-398.60,-372.35,26.25,0.8750,24.0,100
episode,66,,17,-395.40,-369.00,26.40,0.8800,25.0,100
episode,66,,18,-355.00,-331.00,24.00,0.8000,20.0,100
episode,66,,19,-319.00,-307.62,11.38,0.3793,29.0,100
episode,66,,20,-336.30,-319.94,16.36,0.5455,22.0,100
episode,66,,21,-331.80,-310.93,20.87,0.6957,23.0,100
episode,66,,22,-340.00,-323.20,16.80,0.5600,25.0,100
episode,66,,23,-326.30,-306.30,20.00,0.6667,27.0,100
episode,66,,24,-367.20,-341.82,25.38,0.8462,26.0,100
summary,,1650,,-352.04,-331.93,20.11,0.6704,23.88,
